ac,ah,hri,LDSI_i0_depth,LDSI_i0_surface,LDSI_i1_depth,LDSI_i1_surface,LDSI_i2_depth,LDSI_i2_surface,LDSI_i3_depth,LDSI_i3_surface,CDSI_i0_depth,CDSI_i0_surface,CDSI_i1_depth,CDSI_i1_surface,CDSI_i2_depth,CDSI_i2_surface,CDSI_i3_depth,CDSI_i3_surface,LDSE_i0_depth,LDSE_i0_surface,LDSE_i1_depth,LDSE_i1_surface,LDSE_i2_depth,LDSE_i2_surface,LDSE_i3_depth,LDSE_i3_surface,CDSE_i0_depth,CDSE_i0_surface,CDSE_i1_depth,CDSE_i1_surface,CDSE_i2_depth,CDSE_i2_surface,CDSE_i3_depth,CDSE_i3_surface
0,0,0,1.122,0,0.683,0,0.526,0,0.441,0,1.122,0,0.683,0,0.526,0,0.441,0,1.122,0,0.683,0,0.526,0,0.441,0,1.122,0,0.683,0,0.526,0,0.441,0
0,0,0.0125,1.122,0,0.683,0,0.526,0,0.441,0,1.122,0,0.683,0,0.526,0,0.441,0,1.122,0,0.683,0,0.526,0,0.441,0,1.122,0,0.683,0,0.526,0,0.441,0
0,0,0.025,1.122,0,0.683,0,0.526,0,0.441,0,1.122,0,0.683,0,0.526,0,0.441,0,1.122,0,0.683,0,0.526,0,0.441,0,1.122,0,0.683,0,0.526,0,0.441,0
0,0,0.05,1.122,0,0.683,0,0.526,0,0.441,0,1.122,0,0.683,0,0.526,0,0.441,0,1.122,0,0.683,0,0.526,0,0.441,0,1.122,0,0.683,0,0.526,0,0.441,0
0,0,0.1,1.122,0,0.683,0,0.526,0,0.441,0,1.122,0,0.683,0,0.526,0,0.441,0,1.122,0,0.683,0,0.526,0,0.441,0,1.122,0,0.683,0,0.526,0,0.441,0
0,0,0.2,1.122,0,0.683,0,0.526,0,0.441,0,1.122,0,0.683,0,0.526,0,0.441,0,1.122,0,0.683,0,0.526,0,0.441,0,1.122,0,0.683,0,0.526,0,0.441,0
0,0,0.5,1.122,0,0.683,0,0.526,0,0.441,0,1.122,0,0.683,0,0.526,0,0.441,0,1.122,0,0.683,0,0.526,0,0.441,0,1.122,0,0.683,0,0.526,0,0.441,0
0,0,1,1.122,0,0.683,0,0.526,0,0.441,0,1.122,0,0.683,0,0.526,0,0.441,0,1.122,0,0.683,0,0.526,0,0.441,0,1.122,0,0.683,0,0.526,0,0.441,0
0,0.1,0,1.185,0,0.706,0,0.537,0,0.447,0,1.185,0,0.706,0,0.537,0,0.447,0,1.185,0,0.706,0,0.537,0,0.447,0,1.185,0,0.706,0,0.537,0,0.447,0
0,0.1,0.0125,1.184,0,0.706,0,0.537,0,0.447,0,1.175,0,0.702,0,0.535,0,0.446,0,1.185,0,0.706,0,0.537,0,0.447,0,1.177,0,0.703,0,0.535,0,0.446,0
0,0.1,0.025,1.183,0,0.705,0,0.537,0,0.447,0,1.171,0,0.7,0,0.534,0,0.445,0,1.185,0,0.706,0,0.537,0,0.447,0,1.175,0,0.702,0,0.535,0,0.446,0
0,0.1,0.05,1.181,0,0.704,0,0.536,0,0.447,0,1.165,0,0.699,0,0.532,0,0.444,0,1.184,0,0.706,0,0.537,0,0.447,0,1.172,0,0.701,0,0.534,0,0.445,0
0,0.1,0.1,1.176,0,0.702,0,0.535,0,0.446,0,1.155,0,0.694,0,0.53,0,0.443,0,1.183,0,0.705,0,0.537,0,0.447,0,1.168,0,0.699,0,0.533,0,0.445,0
0,0.1,0.2,1.167,0,0.699,0,0.533,0,0.445,0,1.14,0,0.688,0,0.527,0,0.441,0,1.182,0,0.705,0,0.536,0,0.447,0,1.165,0,0.698,0,0.532,0,0.444,0
0,0.1,0.5,1.141,0,0.689,0,0.527,0,0.441,0,1.107,0,0.676,0,0.52,0,0.436,0,1.18,0,0.704,0,0.536,0,0.447,0,1.163,0,0.696,0,0.531,0,0.444,0
0,0.1,1,1.103,0,0.674,0,0.519,0,0.436,0,1.067,0,0.66,0,0.511,0,0.431,0,1.182,0,0.704,0,0.536,0,0.447,0,1.163,0,0.696,0,0.531,0,0.443,0
0,0.2,0,1.364,0,0.777,0,0.578,0,0.475,0,1.364,0,0.777,0,0.578,0,0.475,0,1.364,0,0.777,0,0.578,0,0.475,0,1.364,0,0.777,0,0.578,0,0.475,0
0,0.2,0.0125,1.361,0,0.776,0,0.577,0,0.474,0,1.326,0,0.762,0,0.569,0,0.469,0,1.362,0,0.776,0,0.577,0,0.474,0,1.33,0,0.763,0,0.57,0,0.47,0
0,0.2,0.025,1.358,0,0.775,0,0.576,0,0.474,0,1.31,0,0.756,0,0.566,0,0.467,0,1.359,0,0.775,0,0.577,0,0.474,0,1.318,0,0.759,0,0.567,0,0.468,0
0,0.2,0.05,1.351,0,0.772,0,0.575,0,0.473,0,1.287,0,0.747,0,0.561,0,0.464,0,1.353,0,0.773,0,0.575,0,0.473,0,1.302,0,0.752,0,0.564,0,0.465,0
0,0.2,0.1,1.338,0,0.767,0,0.572,0,0.471,0,1.255,0,0.735,0,0.554,0,0.459,0,1.344,0,0.769,0,0.573,0,0.472,0,1.284,0,0.745,0,0.559,0,0.463,0
0,0.2,0.2,1.312,0,0.757,0,0.566,0,0.467,0,1.211,0,0.718,0,0.544,0,0.453,0,1.329,0,0.763,0,0.57,0,0.47,0,1.264,0,0.737,0,0.555,0,0.459,0
0,0.2,0.5,1.243,0,0.73,0,0.551,0,0.457,0,1.13,0,0.686,0,0.527,0,0.441,0,1.301,0,0.752,0,0.563,0,0.465,0,1.24,0,0.727,0,0.549,0,0.456,0
0,0.2,1,1.155,0,0.695,0,0.532,0,0.445,0,1.05,0,0.656,0,0.51,0,0.43,0,1.282,0,0.744,0,0.559,0,0.462,0,1.23,0,0.723,0,0.546,0,0.454,0
0,0.4,0,2.109,0,1.061,0,0.736,0,0.584,0,2.109,0,1.061,0,0.736,0,0.584,0,2.109,0,1.061,0,0.736,0,0.584,0,2.109,0,1.061,0,0.736,0,0.584,0
0,0.4,0.0125,2.089,0,1.054,0,0.732,0,0.576,0,1.886,0,0.976,0,0.688,0,0.547,0,2.088,0,1.053,0,0.732,0,0.576,0,1.896,0,0.98,0,0.69,0,0.549,0
0,0.4,0.025,2.069,0,1.046,0,0.727,0,0.573,0,1.807,0,0.946,0,0.672,0,0.537,0,2.068,0,1.046,0,0.727,0,0.573,0,1.827,0,0.953,0,0.675,0,0.539,0
0,0.4,0.05,2.029,0,1.031,0,0.719,0,0.567,0,1.706,0,0.908,0,0.651,0,0.523,0,2.03,0,1.031,0,0.719,0,0.567,0,1.744,0,0.921,0,0.657,0,0.527,0
0,0.4,0.1,1.959,0,1.004,0,0.704,0,0.558,0,1.583,0,0.861,0,0.625,0,0.506,0,1.967,0,1.007,0,0.706,0,0.559,0,1.651,0,0.885,0,0.637,0,0.514,0
0,0.4,0.2,1.835,0,0.956,0,0.678,0,0.54,0,1.44,0,0.808,0,0.595,0,0.487,0,1.867,0,0.969,0,0.684,0,0.545,0,1.558,0,0.849,0,0.617,0,0.5,0
0,0.4,0.5,1.567,0,0.854,0,0.621,0,0.503,0,1.234,0,0.73,0,0.553,0,0.459,0,1.695,0,0.903,0,0.648,0,0.521,0,1.461,0,0.811,0,0.596,0,0.486,0
0,0.4,1,1.322,0,0.761,0,0.569,0,0.47,0,1.079,0,0.672,0,0.52,0,0.438,0,1.58,0,0.859,0,0.623,0,0.505,0,1.427,0,0.798,0,0.589,0,0.482,0
0,0.6,0,4.03,0,1.764,0,1.115,0,0.822,0,4.03,0,1.764,0,1.115,0,0.822,0,4.03,0,1.764,0,1.115,0,0.822,0,4.03,0,1.764,0,1.115,0,0.822,0
0,0.6,0.0125,3.903,0,1.717,0,1.09,0,0.806,0,2.935,0,1.362,0,0.898,0,0.682,0,3.903,0,1.717,0,1.09,0,0.805,0,2.958,0,1.369,0,0.902,0,0.684,0
0,0.6,0.025,3.784,0,1.673,0,1.066,0,0.79,0,2.66,0,1.262,0,0.844,0,0.647,0,3.785,0,1.674,0,1.067,0,0.791,0,2.701,0,1.274,0,0.85,0,0.651,0
0,0.6,0.05,3.565,0,1.593,0,1.023,0,0.762,0,2.362,0,1.153,0,0.785,0,0.61,0,3.578,0,1.598,0,1.025,0,0.764,0,2.434,0,1.176,0,0.797,0,0.617,0
0,0.6,0.1,3.222,0,1.467,0,0.955,0,0.719,0,2.06,0,1.046,0,0.726,0,0.572,0,3.27,0,1.485,0,0.964,0,0.725,0,2.182,0,1.082,0,0.746,0,0.584,0
0,0.6,0.2,2.733,0,1.287,0,0.857,0,0.656,0,1.768,0,0.937,0,0.669,0,0.535,0,2.864,0,1.335,0,0.883,0,0.673,0,1.971,0,1.004,0,0.703,0,0.557,0
0,0.6,0.5,1.999,0,1.018,0,0.712,0,0.563,0,1.421,0,0.811,0,0.601,0,0.492,0,2.319,0,1.135,0,0.775,0,0.603,0,1.8,0,0.941,0,0.668,0,0.534,0
0,0.6,1,1.549,0,0.854,0,0.623,0,0.506,0,1.2,0,0.73,0,0.557,0,0.464,0,2.028,0,1.028,0,0.717,0,0.566,0,1.778,0,0.933,0,0.664,0,0.532,0
0,0.8,0,11.9489960405,0,4.545998609,0,2.572999271,0,1.733999544,0,11.9489960405,0,4.545998609,0,2.572999271,0,1.733999544,0,11.9489960405,0,4.545998609,0,2.572999271,0,1.733999544,0,11.9489960405,0,4.545998609,0,2.572999271,0,1.733999544,0
0,0.8,0.0125,10.2699968165,0,3.95699888,0,2.2649994125,0,1.541999632,0,4.5699991825,0,1.959999701,0,1.2209998385,0,0.8889998965,0,10.2859968085,0,3.962998877,0,2.267999411,0,1.5439996305,0,4.6129991725,0,1.9719996985,0,1.225999838,0,0.891999896,0
0,0.8,0.025,9.031997376,0,3.522999075,0,2.037999514,0,1.399999695,0,3.833999413,0,1.70199978,0,1.085999879,0,0.804999921,0,9.0879973485,0,3.5429990655,0,2.0479995095,0,1.4059996925,0,3.904999398,0,1.7229997755,0,1.095999877,0,0.8099999205,0
0,0.8,0.05,7.3239981205,0,2.924999334,0,1.724999649,0,1.203999779,0,3.211999575,0,1.484999834,0,0.972999906,0,0.733999938,0,7.4729980525,0,2.975999311,0,1.7519996365,0,1.2209997715,0,3.329999552,0,1.5209998275,0,0.9899999035,0,0.7439999365,0
0,0.8,0.1,5.5349988435,0,2.296999585,0,1.396999779,0,0.99899986,0,2.69999968,0,1.3069998695,0,0.879999923,0,0.675999948,0,5.8249987225,0,2.398999543,0,1.449999757,0,1.0319998465,0,2.8989996415,0,1.367999857,0,0.909999918,0,0.693999945,0
0,0.8,0.2,3.942999395,0,1.738999774,0,1.104999876,0,0.8169999195,0,2.2809997435,0,1.160999888,0,0.8039999325,0,0.628999953,0,4.407999228,0,1.900999717,0,1.188999847,0,0.868999902,0,2.6139996785,0,1.2669998685,0,0.8559999235,0,0.6599999485,0
0,0.8,0.5,2.528999735,0,1.2449998865,0,0.8469999325,0,0.654999954,0,1.828999796,0,1.002999904,0,0.72099994,0,0.5769999575,0,3.2199995495,0,1.482999826,0,0.9699999025,0,0.7319999355,0,2.47999966,0,1.218999861,0,0.8309999185,0,0.643999945,0
0,0.8,1,1.932999808,0,1.035999909,0,0.7379999425,0,0.5869999595,0,1.5489998255,0,0.903999913,0,0.668999944,0,0.5449999595,0,2.7789996245,0,1.323999852,0,0.8859999155,0,0.677999944,0,2.5909995935,0,1.2579998375,0,0.8509999065,0,0.6569999375,0
0.0625,0,0,1.105,0.282,0.673,0.0202,0.518,0.00277,0.435,0.000713,1.105,0.282,0.673,0.0202,0.518,0.00277,0.435,0.000713,1.105,0.282,0.673,0.0202,0.518,0.00277,0.435,0.000713,1.105,0.282,0.673,0.0202,0.518,0.00277,0.435,0.000713
0.0625,0,0.0125,1.105,0.282,0.673,0.0202,0.518,0.00277,0.435,0.000713,1.105,0.282,0.673,0.0202,0.518,0.00277,0.435,0.000713,1.105,0.282,0.673,0.0202,0.518,0.00277,0.435,0.000713,1.105,0.282,0.673,0.0202,0.518,0.00277,0.435,0.000713
0.0625,0,0.025,1.105,0.282,0.673,0.0202,0.518,0.00277,0.435,0.000713,1.105,0.282,0.673,0.0202,0.518,0.00277,0.435,0.000713,1.105,0.282,0.673,0.0202,0.518,0.00277,0.435,0.000713,1.105,0.282,0.673,0.0202,0.518,0.00277,0.435,0.000713
0.0625,0,0.05,1.105,0.282,0.673,0.0202,0.518,0.00277,0.435,0.000713,1.105,0.282,0.673,0.0202,0.518,0.00277,0.435,0.000713,1.105,0.282,0.673,0.0202,0.518,0.00277,0.435,0.000713,1.105,0.282,0.673,0.0202,0.518,0.00277,0.435,0.000713
0.0625,0,0.1,1.105,0.282,0.673,0.0202,0.518,0.00277,0.435,0.000713,1.105,0.282,0.673,0.0202,0.518,0.00277,0.435,0.000713,1.105,0.282,0.673,0.0202,0.518,0.00277,0.435,0.000713,1.105,0.282,0.673,0.0202,0.518,0.00277,0.435,0.000713
0.0625,0,0.2,1.105,0.282,0.673,0.0202,0.518,0.00277,0.435,0.000713,1.105,0.282,0.673,0.0202,0.518,0.00277,0.435,0.000713,1.105,0.282,0.673,0.0202,0.518,0.00277,0.435,0.000713,1.105,0.282,0.673,0.0202,0.518,0.00277,0.435,0.000713
0.0625,0,0.5,1.105,0.282,0.673,0.0202,0.518,0.00277,0.435,0.000713,1.105,0.282,0.673,0.0202,0.518,0.00277,0.435,0.000713,1.105,0.282,0.673,0.0202,0.518,0.00277,0.435,0.000713,1.105,0.282,0.673,0.0202,0.518,0.00277,0.435,0.000713
0.0625,0,1,1.105,0.282,0.673,0.0202,0.518,0.00277,0.435,0.000713,1.105,0.282,0.673,0.0202,0.518,0.00277,0.435,0.000713,1.105,0.282,0.673,0.0202,0.518,0.00277,0.435,0.000713,1.105,0.282,0.673,0.0202,0.518,0.00277,0.435,0.000713
0.0625,0.1,0,1.129,0.336,0.68,0.0177,0.52,0.00319,0.435,0.00124,1.129,0.336,0.68,0.0177,0.52,0.00319,0.435,0.00124,1.129,0.336,0.68,0.0177,0.52,0.00319,0.435,0.00124,1.129,0.336,0.68,0.0177,0.52,0.00319,0.435,0.00124
0.0625,0.1,0.0125,1.129,0.337,0.68,0.0176,0.52,0.00316,0.435,0.00122,1.128,0.336,0.68,0.0175,0.52,0.00312,0.435,0.0012,1.131,0.337,0.681,0.0177,0.521,0.00317,0.435,0.00123,1.13,0.336,0.681,0.0176,0.52,0.00315,0.435,0.00122
0.0625,0.1,0.025,1.128,0.337,0.68,0.0176,0.52,0.00317,0.435,0.00122,1.127,0.336,0.679,0.0175,0.52,0.00309,0.435,0.00118,1.133,0.337,0.681,0.0176,0.521,0.00317,0.435,0.00122,1.131,0.336,0.681,0.0176,0.521,0.00315,0.435,0.00121
0.0625,0.1,0.05,1.125,0.337,0.679,0.0177,0.52,0.00318,0.434,0.00123,1.125,0.335,0.679,0.0174,0.519,0.00303,0.434,0.00114,1.134,0.337,0.682,0.0176,0.521,0.00315,0.436,0.00121,1.133,0.336,0.681,0.0176,0.521,0.00313,0.435,0.0012
0.0625,0.1,0.1,1.122,0.337,0.677,0.0177,0.519,0.00322,0.434,0.00126,1.12,0.335,0.677,0.0172,0.519,0.00293,0.434,0.00108,1.138,0.337,0.684,0.0175,0.522,0.00309,0.436,0.00117,1.135,0.336,0.682,0.0175,0.521,0.00308,0.435,0.00117
0.0625,0.1,0.2,1.114,0.338,0.674,0.0179,0.517,0.0033,0.433,0.00131,1.111,0.334,0.674,0.0168,0.517,0.00277,0.433,0.000984,1.142,0.336,0.685,0.0173,0.523,0.00296,0.437,0.00109,1.138,0.336,0.683,0.0173,0.522,0.00298,0.436,0.00111
0.0625,0.1,0.5,1.094,0.338,0.666,0.0182,0.512,0.00347,0.43,0.00141,1.086,0.331,0.665,0.0161,0.512,0.00244,0.43,0.000789,1.152,0.335,0.689,0.0167,0.526,0.00265,0.438,0.000904,1.145,0.335,0.686,0.0169,0.524,0.00278,0.437,0.000979
0.0625,0.1,1,1.062,0.339,0.653,0.0183,0.505,0.00354,0.425,0.00146,1.054,0.328,0.653,0.0155,0.505,0.00218,0.425,0.000645,1.16,0.334,0.693,0.0162,0.528,0.00237,0.44,0.000732,1.154,0.334,0.689,0.0166,0.525,0.00259,0.438,0.000862
0.0625,0.2,0,1.243,0.353,0.722,0.0226,0.543,0.00552,0.449,0.00258,1.243,0.353,0.722,0.0226,0.543,0.00552,0.449,0.00258,1.243,0.353,0.722,0.0226,0.543,0.00552,0.449,0.00258,1.243,0.353,0.722,0.0226,0.543,0.00552,0.449,0.00258
0.0625,0.2,0.0125,1.239,0.352,0.721,0.0224,0.542,0.00542,0.449,0.00251,1.235,0.351,0.719,0.022,0.541,0.00521,0.448,0.00239,1.249,0.353,0.725,0.0225,0.544,0.00548,0.45,0.00255,1.243,0.352,0.722,0.0223,0.543,0.00538,0.449,0.0025
0.0625,0.2,0.025,1.237,0.352,0.72,0.0225,0.542,0.00546,0.448,0.00254,1.231,0.349,0.718,0.0216,0.541,0.00499,0.448,0.00225,1.252,0.352,0.726,0.0224,0.545,0.00543,0.45,0.00252,1.245,0.351,0.723,0.0221,0.543,0.00524,0.449,0.0024
0.0625,0.2,0.05,1.232,0.353,0.718,0.0226,0.541,0.00555,0.448,0.0026,1.22,0.347,0.714,0.0209,0.539,0.00466,0.447,0.00205,1.256,0.352,0.728,0.0222,0.546,0.00528,0.451,0.00243,1.246,0.35,0.724,0.0216,0.544,0.00498,0.45,0.00225
0.0625,0.2,0.1,1.225,0.354,0.716,0.0229,0.539,0.00571,0.447,0.00269,1.202,0.344,0.708,0.02,0.535,0.00418,0.444,0.00177,1.261,0.35,0.73,0.0215,0.547,0.00494,0.452,0.00222,1.246,0.348,0.724,0.0208,0.544,0.00454,0.45,0.00197
0.0625,0.2,0.2,1.211,0.354,0.71,0.0231,0.536,0.00581,0.445,0.00275,1.173,0.34,0.697,0.0187,0.53,0.00357,0.441,0.00141,1.263,0.347,0.731,0.0204,0.548,0.00433,0.453,0.00185,1.246,0.344,0.724,0.0194,0.544,0.00385,0.45,0.00154
0.0625,0.2,0.5,1.175,0.354,0.696,0.023,0.528,0.00571,0.44,0.00267,1.108,0.333,0.674,0.0169,0.517,0.00273,0.433,0.000931,1.263,0.342,0.732,0.0184,0.549,0.00332,0.454,0.00124,1.248,0.338,0.725,0.0169,0.545,0.00253,0.451,0.000732
0.0625,0.2,1,1.116,0.35,0.674,0.0217,0.516,0.005,0.432,0.0022,1.003,0.374,0.635666666666667,0.0139,0.495333333333333,0.00159,0.419666666666667,0.000577,1.259,0.338,0.731,0.0168,0.549,0.00256,0.454,0.000802,1.256,0.333,0.729,0.015,0.547,0.00153,0.452,0.000114
0.0625,0.4,0,1.693,0.41,0.885,0.0388,0.629,0.0128,0.503,0.00661,1.693,0.41,0.885,0.0388,0.629,0.0128,0.503,0.00661,1.693,0.41,0.885,0.0388,0.629,0.0128,0.503,0.00661,1.693,0.41,0.885,0.0388,0.629,0.0128,0.503,0.00661
0.0625,0.4,0.0125,1.674,0.41,0.878,0.0388,0.625,0.0128,0.5,0.00664,1.641,0.398,0.867,0.035,0.62,0.0109,0.497,0.00548,1.729,0.41,0.898,0.0388,0.636,0.0127,0.507,0.00659,1.691,0.403,0.885,0.0366,0.629,0.0117,0.503,0.00593
0.0625,0.4,0.025,1.669,0.412,0.876,0.0395,0.624,0.0132,0.5,0.00686,1.609,0.391,0.856,0.0326,0.614,0.00972,0.494,0.00479,1.744,0.408,0.905,0.0377,0.64,0.0122,0.51,0.00625,1.686,0.396,0.884,0.034,0.629,0.0104,0.503,0.00514
0.0625,0.4,0.05,1.657,0.412,0.872,0.0396,0.622,0.0132,0.498,0.0069,1.556,0.382,0.837,0.0298,0.604,0.00832,0.488,0.00396,1.753,0.401,0.909,0.0353,0.643,0.0109,0.512,0.00546,1.671,0.385,0.879,0.03,0.626,0.00828,0.501,0.00387
0.0625,0.4,0.1,1.638,0.411,0.865,0.0392,0.618,0.013,0.496,0.00675,1.479,0.371,0.81,0.0264,0.59,0.00676,0.479,0.00307,1.747,0.392,0.909,0.032,0.643,0.00926,0.513,0.00444,1.639,0.369,0.869,0.0242,0.622,0.00532,0.499,0.00206
0.0625,0.4,0.2,1.601,0.409,0.852,0.0383,0.611,0.0125,0.492,0.00642,1.377,0.359,0.774,0.0228,0.572,0.00513,0.467,0.00216,1.718,0.382,0.9,0.0285,0.64,0.00756,0.511,0.00347,1.592,0.35,0.853,0.0175,0.614,0.00184,0.495,5.63999999999999E-05
0.0625,0.4,0.5,1.479,0.391,0.809,0.0321,0.589,0.00929,0.478,0.0044,1.152,0.337,0.692,0.0185,0.527,0.00331,0.439,0.001215,1.633,0.362,0.871,0.0221,0.625,0.00459,0.503,0.00182,1.519,0.331,0.83,0.0113,0.603,-0.00115,0.489,-0.00179
0.0625,0.4,1,1.293,0.368,0.743,0.0249,0.555,0.00563,0.457,0.0022,0.901,0.466,0.601000000000001,1.13333333333333E-02,0.476,4.10000000000001E-04,0.409,0.000441,1.548,0.349,0.841,0.018,0.61,0.00277,0.493,0.00084,1.46,0.331,0.809,0.0118,0.591,-0.00059,0.48,-0.001382
0.0625,0.6,0,2.47,0.515,1.157,0.0694,0.77,0.0266,0.591,0.0143,2.47,0.515,1.157,0.0694,0.77,0.0266,0.591,0.0143,2.47,0.515,1.157,0.0694,0.77,0.0266,0.591,0.0143,2.47,0.515,1.157,0.0694,0.77,0.0266,0.591,0.0143
0.0625,0.6,0.0125,2.437,0.526,1.143,0.072,0.761,0.0277,0.584,0.0149,2.275,0.477,1.091,0.0559,0.737,0.0198,0.571,0.0102,2.661,0.521,1.223,0.0699,0.804,0.0265,0.61,0.0142,2.475,0.489,1.158,0.0596,0.77,0.0215,0.589,0.0112
0.0625,0.6,0.025,2.433,0.525,1.142,0.072,0.761,0.0277,0.583,0.015,2.175,0.457,1.058,0.0498,0.721,0.0168,0.561,0.00855,2.711,0.506,1.244,0.0644,0.815,0.0237,0.618,0.0124,2.445,0.459,1.15,0.0495,0.766,0.0164,0.587,0.00817
0.0625,0.6,0.05,2.421,0.522,1.139,0.0706,0.76,0.027,0.583,0.0145,2.042,0.434,1.013,0.043,0.698,0.0137,0.547,0.00679,2.728,0.485,1.254,0.0571,0.823,0.02,0.623,0.0102,2.369,0.418,1.127,0.0355,0.756,0.00936,0.582,0.00394
0.0625,0.6,0.1,2.375,0.513,1.125,0.0676,0.754,0.0254,0.58,0.0135,1.881,0.408,0.959,0.0353,0.671,0.0102,0.531,0.00483,2.679,0.462,1.242,0.0496,0.819,0.0163,0.622,0.00806,2.24,0.374,1.087,0.0204,0.737,0.00176,0.571,-0.000637
0.0625,0.6,0.2,2.26,0.496,1.088,0.0618,0.736,0.0224,0.569,0.0117,1.69,0.381,0.896,0.0275,0.639,0.00661,0.512,0.0028,2.546,0.435,1.199,0.0413,0.799,0.0126,0.611,0.00603,2.073,0.342,1.034,0.00972,0.713,-0.00352,0.558,-0.00375
0.0625,0.6,0.5,1.908,0.429,0.97,0.0398,0.677,0.0114,0.535,0.00511,1.196,0.341,0.71,0.0201,0.543,0.00389,0.455,0.001499,2.234,0.385,1.093,0.026,0.745,0.00566,0.579,0.00223,1.79,0.324,0.935,0.0057,0.661,-0.00483,0.527,-0.004312
0.0625,0.6,1,1.527,0.384,0.839,0.0267,0.61,0.00551,0.494,0.00183,0.798999999999999,0.558,0.566333333333334,8.76666666666665E-03,0.456666666666667,-6.4333333333334E-04,0.398333333333333,0.000305,1.992,0.361,1.007,0.0193,0.7,0.00288,0.551,0.000822,1.664,0.329,0.889,8.60000000000001E-03,0.635,-0.00271,0.508,-0.002878
0.0625,0.8,0,3.3309995695,0.728999893,1.4579998495,0.1309999692,0.9269999215,0.05369998645,0.688999951,0.0290999926,3.3309995695,0.728999893,1.4579998495,0.1309999692,0.9269999215,0.05369998645,0.688999951,0.0290999926,3.3309995695,0.728999893,1.4579998495,0.1309999692,0.9269999215,0.05369998645,0.688999951,0.0290999926,3.3309995695,0.728999893,1.4579998495,0.1309999692,0.9269999215,0.05369998645,0.688999951,0.0290999926
0.0625,0.8,0.0125,3.426999505,0.7489998885,1.4939998245,0.137999967,0.946999907,0.0574999851,0.7009999415,0.0314999917,2.912999681,0.5999999385,1.3259998825,0.09059998265,0.8639999365,0.0349999924,0.6519999595,0.01849999585,4.1459992575,0.7399998905,1.736999743,0.13399996795,1.069999867,0.05519998565,0.7749999175,0.02989999215,3.4639995055,0.6219999335,1.507999825,0.0967999814,0.9549999075,0.03759999195,0.7059999415,0.01989999565
0.0625,0.8,0.025,3.500999466,0.7419998915,1.5229998095,0.1349999685,0.962999899,0.05639998565,0.7119999355,0.03089999205,2.7759996995,0.554999951,1.283999887,0.07749998615,0.844999938,0.02909999385,0.64099996,0.015199996675,4.348999181,0.6909999075,1.813999715,0.1169999737,1.1119998515,0.04699998835,0.801999908,0.0249999937,3.4199995125,0.5299999645,1.499999825,0.0668999913,0.953999906,0.02309999665,0.70699994,0.011299998435
0.0625,0.8,0.05,3.5259994475,0.7209999005,1.536999801,0.1289999708,0.9729998935,0.05309998695,0.718999932,0.02879999285,2.6269997075,0.503999965,1.2399998865,0.06249999025,0.825999936,0.0222999957,0.6299999585,0.011499997645,4.4009991635,0.6339999255,1.843999705,0.09839997935,1.1319998455,0.03769999115,0.816999903,0.0195999953,3.2759995465,0.425999996,1.4619998325,0.0325000015,0.9389999085,0.006110001625,0.699999941,0.00128000133
0.0625,0.8,0.1,3.4359994695,0.686999913,1.514999805,0.1179999748,0.9649998945,0.04749998895,0.715999932,0.025499994,2.4459997175,0.4449999815,1.1879998855,0.04479999525,0.8019999345,0.01409999805,0.618999956,0.00676999903,4.2319992235,0.5769999425,1.7989997215,0.0809999843,1.1159998515,0.0296999933,0.8109999055,0.01509999648,3.0369996015,0.350000012,1.394999846,0.007630006385,0.910999913,-0.006169996035,0.6859999425,-0.0059999973185
0.0625,0.8,0.2,3.1629995485,0.617999939,1.4309998285,0.09569998305,0.9269999045,0.03689999275,0.694999937,0.0192999962,2.1929997485,0.3959999925,1.1129998915,0.0306999984,0.768999935,0.007539999535,0.6009999555,0.003029999885,3.8289993585,0.5059999645,1.6719997635,0.05959999085,1.054999872,0.02009999625,0.776999917,0.009919998055,2.7579996575,0.330000006,1.315999859,0.003310003205,0.8779999175,-0.007389998065,0.669999944,-0.00628999873
0.0625,0.8,0.5,2.4549997265,0.456999986,1.2049998825,0.0447999975,0.8179999295,0.0123999995,0.6319999515,0.005100000005,1.433999881,0.344999998,0.887999911,0.0216999992,0.6699999365,0.00446999971,0.546999954,0.001782999858,3.115999559,0.4019999915,1.4339998295,0.02909999845,0.9379999035,0.006549999555,0.706999936,0.002519999855,2.0609998645,0.3170000035,1.078999928,1.00002800000004E-04,0.778999941,-0.00850999816,0.6219999525,-0.006833998739
0.0625,0.8,1,1.9119998075,0.3889999975,1.022999908,0.02719999975,0.7269999415,0.00521000015,0.577999958,0.001500000165,0.697000050999999,0.649999954,0.531666684000001,6.7000010333333E-03,0.504999975833333,-6.46666665000009E-04,0.456999970666666,1.69000067999999E-04,2.7269996325,0.3639999985,1.298999854,0.01959999985,0.867999916,0.002949999965,0.6639999435,0.0008030000095,1.867999898,0.327000001,0.96899996,5.40000160000001E-03,0.678999978,-0.00482999894,0.541999983,-0.004373999252
0.125,0,0,1.088,0.432,0.664,0.0393,0.512,0.00808,0.431,0.00291,1.088,0.432,0.664,0.0393,0.512,0.00808,0.431,0.00291,1.088,0.432,0.664,0.0393,0.512,0.00808,0.431,0.00291,1.088,0.432,0.664,0.0393,0.512,0.00808,0.431,0.00291
0.125,0,0.0125,1.088,0.432,0.664,0.0393,0.512,0.00808,0.431,0.00291,1.088,0.432,0.664,0.0393,0.512,0.00808,0.431,0.00291,1.088,0.432,0.664,0.0393,0.512,0.00808,0.431,0.00291,1.088,0.432,0.664,0.0393,0.512,0.00808,0.431,0.00291
0.125,0,0.025,1.088,0.432,0.664,0.0393,0.512,0.00808,0.431,0.00291,1.088,0.432,0.664,0.0393,0.512,0.00808,0.431,0.00291,1.088,0.432,0.664,0.0393,0.512,0.00808,0.431,0.00291,1.088,0.432,0.664,0.0393,0.512,0.00808,0.431,0.00291
0.125,0,0.05,1.088,0.432,0.664,0.0393,0.512,0.00808,0.431,0.00291,1.088,0.432,0.664,0.0393,0.512,0.00808,0.431,0.00291,1.088,0.432,0.664,0.0393,0.512,0.00808,0.431,0.00291,1.088,0.432,0.664,0.0393,0.512,0.00808,0.431,0.00291
0.125,0,0.1,1.088,0.432,0.664,0.0393,0.512,0.00808,0.431,0.00291,1.088,0.432,0.664,0.0393,0.512,0.00808,0.431,0.00291,1.088,0.432,0.664,0.0393,0.512,0.00808,0.431,0.00291,1.088,0.432,0.664,0.0393,0.512,0.00808,0.431,0.00291
0.125,0,0.2,1.088,0.432,0.664,0.0393,0.512,0.00808,0.431,0.00291,1.088,0.432,0.664,0.0393,0.512,0.00808,0.431,0.00291,1.088,0.432,0.664,0.0393,0.512,0.00808,0.431,0.00291,1.088,0.432,0.664,0.0393,0.512,0.00808,0.431,0.00291
0.125,0,0.5,1.088,0.432,0.664,0.0393,0.512,0.00808,0.431,0.00291,1.088,0.432,0.664,0.0393,0.512,0.00808,0.431,0.00291,1.088,0.432,0.664,0.0393,0.512,0.00808,0.431,0.00291,1.088,0.432,0.664,0.0393,0.512,0.00808,0.431,0.00291
0.125,0,1,1.088,0.432,0.664,0.0393,0.512,0.00808,0.431,0.00291,1.088,0.432,0.664,0.0393,0.512,0.00808,0.431,0.00291,1.088,0.432,0.664,0.0393,0.512,0.00808,0.431,0.00291,1.088,0.432,0.664,0.0393,0.512,0.00808,0.431,0.00291
0.125,0.1,0,1.095,0.445,0.664,0.037,0.51,0.00863,0.427,0.00347,1.095,0.445,0.664,0.037,0.51,0.00863,0.427,0.00347,1.095,0.445,0.664,0.037,0.51,0.00863,0.427,0.00347,1.095,0.445,0.664,0.037,0.51,0.00863,0.427,0.00347
0.125,0.1,0.0125,1.096,0.447,0.665,0.0373,0.51,0.00867,0.427,0.00347,1.095,0.446,0.665,0.0372,0.51,0.00861,0.427,0.00344,1.099,0.447,0.666,0.0373,0.511,0.00868,0.428,0.00348,1.098,0.447,0.665,0.0373,0.511,0.00864,0.428,0.00346
0.125,0.1,0.025,1.095,0.447,0.665,0.0373,0.51,0.00867,0.427,0.00347,1.096,0.446,0.665,0.0372,0.51,0.00861,0.427,0.00344,1.1,0.447,0.666,0.0373,0.511,0.00869,0.428,0.00348,1.099,0.447,0.666,0.0373,0.511,0.00867,0.428,0.00347
0.125,0.1,0.05,1.093,0.447,0.664,0.0373,0.51,0.00867,0.427,0.00348,1.094,0.446,0.664,0.0371,0.51,0.00857,0.427,0.00341,1.102,0.447,0.667,0.0373,0.512,0.00868,0.428,0.00347,1.1,0.447,0.666,0.0373,0.511,0.00867,0.428,0.00347
0.125,0.1,0.1,1.089,0.447,0.662,0.0373,0.509,0.00869,0.426,0.00349,1.09,0.445,0.663,0.0369,0.509,0.00848,0.427,0.00336,1.105,0.447,0.668,0.0373,0.512,0.00865,0.429,0.00345,1.102,0.447,0.667,0.0373,0.511,0.00865,0.428,0.00345
0.125,0.1,0.2,1.081,0.446,0.659,0.0373,0.507,0.00873,0.425,0.00352,1.083,0.444,0.66,0.0365,0.508,0.00831,0.426,0.00326,1.111,0.448,0.67,0.0372,0.513,0.00856,0.429,0.00339,1.106,0.447,0.668,0.0372,0.512,0.00861,0.429,0.00343
0.125,0.1,0.5,1.06,0.445,0.651,0.0374,0.503,0.00885,0.422,0.00362,1.064,0.44,0.653,0.0356,0.504,0.0079,0.424,0.00303,1.123,0.447,0.675,0.0368,0.516,0.00832,0.431,0.00323,1.114,0.447,0.671,0.0371,0.514,0.00851,0.43,0.00335
0.125,0.1,1,1.029,0.442,0.638,0.0372,0.496,0.00893,0.418,0.00371,1.035,0.435,0.643,0.0344,0.499,0.00734,0.42,0.00271,1.134,0.447,0.68,0.0364,0.519,0.00803,0.433,0.00304,1.123,0.447,0.674,0.037,0.515,0.00841,0.431,0.00329
0.125,0.2,0,1.172,0.469,0.692,0.0448,0.524,0.0125,0.436,0.00575,1.172,0.469,0.692,0.0448,0.524,0.0125,0.436,0.00575,1.172,0.469,0.692,0.0448,0.524,0.0125,0.436,0.00575,1.172,0.469,0.692,0.0448,0.524,0.0125,0.436,0.00575
0.125,0.2,0.0125,1.168,0.468,0.69,0.0446,0.524,0.0123,0.436,0.00567,1.165,0.467,0.689,0.0442,0.523,0.0121,0.435,0.00555,1.175,0.469,0.693,0.0448,0.525,0.0125,0.437,0.00574,1.17,0.468,0.691,0.0446,0.524,0.0123,0.436,0.00567
0.125,0.2,0.025,1.165,0.468,0.689,0.0446,0.523,0.0123,0.435,0.00567,1.163,0.466,0.689,0.0439,0.523,0.012,0.435,0.00547,1.178,0.469,0.694,0.0449,0.526,0.0125,0.437,0.00574,1.173,0.468,0.692,0.0446,0.525,0.0123,0.436,0.00566
0.125,0.2,0.05,1.161,0.468,0.688,0.0446,0.522,0.0124,0.435,0.0057,1.157,0.464,0.687,0.0433,0.522,0.0117,0.434,0.00529,1.182,0.469,0.696,0.0448,0.527,0.0124,0.438,0.00571,1.176,0.468,0.693,0.0444,0.525,0.0122,0.437,0.00559
0.125,0.2,0.1,1.153,0.468,0.685,0.0448,0.521,0.0125,0.434,0.00577,1.146,0.461,0.683,0.0423,0.52,0.0112,0.433,0.00498,1.19,0.469,0.699,0.0444,0.528,0.0122,0.439,0.00557,1.179,0.467,0.694,0.044,0.526,0.012,0.437,0.00544
0.125,0.2,0.2,1.139,0.468,0.679,0.0451,0.517,0.0127,0.432,0.00592,1.126,0.456,0.676,0.0406,0.516,0.0104,0.431,0.0045,1.198,0.467,0.702,0.0435,0.53,0.0117,0.44,0.00523,1.183,0.465,0.696,0.0432,0.527,0.0116,0.437,0.00518
0.125,0.2,0.5,1.105,0.467,0.666,0.0454,0.51,0.013,0.427,0.00615,1.077,0.444,0.658,0.0373,0.507,0.00879,0.425,0.00356,1.213,0.462,0.709,0.041,0.534,0.0103,0.443,0.00436,1.194,0.461,0.7,0.0415,0.529,0.0106,0.439,0.0046
0.125,0.2,1,1.056,0.46,0.648,0.0445,0.5,0.0128,0.42,0.00602,1.021,0.432,0.638,0.0345,0.497,0.00755,0.419,0.00287,1.223,0.456,0.713,0.0386,0.537,0.00895,0.445,0.00353,1.21,0.458,0.705,0.0401,0.532,0.00986,0.441,0.00412
0.125,0.4,0,1.482,0.559,0.801,0.0739,0.58,0.0259,0.47,0.0135,1.482,0.559,0.801,0.0739,0.58,0.0259,0.47,0.0135,1.482,0.559,0.801,0.0739,0.58,0.0259,0.47,0.0135,1.482,0.559,0.801,0.0739,0.58,0.0259,0.47,0.0135
0.125,0.4,0.0125,1.468,0.555,0.796,0.0726,0.578,0.0253,0.468,0.0131,1.454,0.547,0.791,0.0701,0.575,0.024,0.467,0.0124,1.505,0.561,0.809,0.0744,0.585,0.0262,0.473,0.0136,1.482,0.555,0.801,0.0725,0.58,0.0253,0.47,0.0131
0.125,0.4,0.025,1.46,0.555,0.793,0.0727,0.576,0.0254,0.467,0.0132,1.439,0.54,0.786,0.0678,0.573,0.0229,0.466,0.0116,1.519,0.561,0.814,0.0744,0.588,0.0262,0.475,0.0136,1.488,0.552,0.803,0.0714,0.582,0.0247,0.471,0.0127
0.125,0.4,0.05,1.45,0.557,0.789,0.0733,0.574,0.0257,0.466,0.0134,1.41,0.529,0.776,0.0641,0.568,0.0211,0.463,0.0106,1.538,0.559,0.822,0.0733,0.592,0.0256,0.477,0.0133,1.489,0.545,0.803,0.0689,0.582,0.0234,0.471,0.0119
0.125,0.4,0.1,1.436,0.558,0.784,0.0742,0.572,0.0262,0.464,0.0137,1.361,0.513,0.76,0.059,0.56,0.0186,0.458,0.00909,1.559,0.551,0.83,0.0703,0.597,0.024,0.481,0.0123,1.487,0.533,0.803,0.0645,0.582,0.0211,0.471,0.0106
0.125,0.4,0.2,1.407,0.555,0.773,0.0736,0.566,0.0261,0.461,0.0136,1.291,0.492,0.736,0.0525,0.547,0.0154,0.45,0.00727,1.567,0.534,0.835,0.064,0.6,0.0207,0.483,0.0102,1.482,0.513,0.802,0.0576,0.581,0.0176,0.471,0.00841
0.125,0.4,0.5,1.338,0.537,0.749,0.0691,0.554,0.0239,0.453,0.0123,1.163,0.459,0.692,0.0431,0.525,0.0111,0.436,0.00481,1.547,0.504,0.831,0.0528,0.6,0.0149,0.484,0.00669,1.479,0.478,0.802,0.045,0.582,0.0111,0.471,0.00444
0.125,0.4,1,1.225,0.5,0.711,0.0582,0.534,0.0185,0.441,0.00907,0.993,0.426,0.628,0.0347,0.493,0.00797,0.417,0.00319,1.504,0.482,0.818,0.0444,0.594,0.0106,0.481,0.00419,1.514,0.454,0.815,0.036,0.59,0.00641,0.476,0.0016
0.125,0.6,0,1.943,0.725,0.96,0.122,0.663,0.0487,0.521,0.0263,1.943,0.725,0.96,0.122,0.663,0.0487,0.521,0.0263,1.943,0.725,0.96,0.122,0.663,0.0487,0.521,0.0263,1.943,0.725,0.96,0.122,0.663,0.0487,0.521,0.0263
0.125,0.6,0.0125,1.907,0.722,0.946,0.123,0.654,0.048,0.514,0.0258,1.854,0.689,0.931,0.112,0.648,0.0428,0.513,0.0227,2.038,0.745,0.991,0.13,0.677,0.0516,0.528,0.0279,1.955,0.717,0.962,0.121,0.662,0.0472,0.519,0.0253
0.125,0.6,0.025,1.902,0.726,0.944,0.124,0.653,0.0488,0.514,0.0263,1.809,0.665,0.916,0.105,0.641,0.0391,0.509,0.0206,2.096,0.744,1.012,0.13,0.688,0.0514,0.535,0.0278,1.965,0.701,0.966,0.116,0.664,0.0446,0.521,0.0238
0.125,0.6,0.05,1.9,0.73,0.944,0.126,0.653,0.0498,0.514,0.027,1.737,0.633,0.893,0.0944,0.63,0.0343,0.502,0.0178,2.165,0.732,1.038,0.125,0.702,0.0491,0.544,0.0264,1.965,0.67,0.967,0.106,0.665,0.0395,0.521,0.0208
0.125,0.6,0.1,1.887,0.723,0.94,0.124,0.652,0.0491,0.513,0.0266,1.64,0.593,0.861,0.0824,0.615,0.0287,0.493,0.0146,2.214,0.697,1.059,0.113,0.714,0.0427,0.552,0.0225,1.951,0.62,0.964,0.0888,0.664,0.0312,0.521,0.0158
0.125,0.6,0.2,1.85,0.705,0.93,0.119,0.647,0.0466,0.511,0.025,1.522,0.548,0.824,0.0692,0.596,0.0226,0.482,0.0112,2.213,0.647,1.064,0.095,0.719,0.0338,0.556,0.0171,1.925,0.553,0.958,0.0658,0.662,0.0197,0.52,0.00894
0.125,0.6,0.5,1.702,0.634,0.884,0.0968,0.626,0.0356,0.499,0.0184,1.353,0.486,0.711,0.0513,0.572,0.0143,0.468,0.00644,2.084,0.565,1.027,0.0676,0.703,0.0202,0.549,0.00912,1.897,0.467,0.953,0.0359,0.662,0.00445,0.521,-0.000291
0.125,0.6,1,1.466,0.538,0.807,0.0674,0.589,0.0211,0.477,0.00981,1.07133333333333,0.4236,0.618,0.0349,0.532,0.00839,0.444666666666667,0.00351,1.924,0.513,0.974,0.0502,0.678,0.012,0.534,0.00458,2.007,0.378,1.002,0.00205,0.691,-0.015,0.541,-0.0128
0.125,0.8,0,2.2999998215,1.0059998595,1.097999931,0.20199996,0.740999961,0.0838999824,0.572999974,0.04539999045,2.2999998215,1.0059998595,1.097999931,0.20199996,0.740999961,0.0838999824,0.572999974,0.04539999045,2.2999998215,1.0059998595,1.097999931,0.20199996,0.740999961,0.0838999824,0.572999974,0.04539999045,2.2999998215,1.0059998595,1.097999931,0.20199996,0.740999961,0.0838999824,0.572999974,0.04539999045
0.125,0.8,0.0125,2.300999803,1.0049998585,1.1009999225,0.2019999605,0.7429999555,0.0845999817,0.5749999695,0.0459999899,2.1589998475,0.8959998965,1.054999938,0.167999972,0.719999964,0.0681999873,0.560999976,0.0364999931,2.613999712,1.080999832,1.202999894,0.225999952,0.792999942,0.09609997775,0.603999962,0.0526999876,2.3839997855,0.978999869,1.1269999175,0.1939999635,0.7549999535,0.0807999832,0.580999969,0.04379999075
0.125,0.8,0.025,2.3529997745,1.021999852,1.119999912,0.2089999575,0.75299995,0.0877999805,0.5809999665,0.04799998915,2.1059998515,0.840999912,1.0389999385,0.1519999765,0.7139999635,0.06079998915,0.5579999755,0.0323999941,2.803999646,1.0849998295,1.267999872,0.227999951,0.825999931,0.09669997735,0.6239999555,0.0529999874,2.432999766,0.9319998845,1.143999911,0.179999968,0.76399995,0.07389998535,0.586999967,0.0399999919
0.125,0.8,0.05,2.4169997415,1.019999855,1.1439999,0.2089999585,0.766999943,0.0881999808,0.589999962,0.04829998935,2.042999847,0.7759999285,1.0219999355,0.1329999807,0.705999962,0.05239999095,0.553999974,0.027799995,3.0139995755,1.037999847,1.3429998475,0.2119999565,0.8649999185,0.08899998005,0.6489999475,0.04849998895,2.478999743,0.8429999135,1.1619999025,0.151999977,0.7739999455,0.0606999894,0.592999964,0.0323999942
0.125,0.8,0.1,2.472999707,0.9919998655,1.1689998855,0.2009999615,0.7809999355,0.0844999823,0.5999999565,0.0461999902,1.983999828,0.702999945,1.0079999265,0.1119999852,0.700999957,0.0432999927,0.5519999705,0.0229999958,3.171999521,0.938999879,1.404999827,0.178999967,0.899999907,0.072699985,0.6709999405,0.03879999185,2.514999718,0.709999955,1.177999893,0.1089999899,0.78399994,0.0399999956,0.5999999605,0.02029999775
0.125,0.8,0.2,2.461999694,0.9339998855,1.1729998785,0.182999968,0.78699993,0.07589998535,0.604999953,0.0411999919,1.9209998005,0.617999965,0.995999914,0.08769999075,0.6989999485,0.03229999515,0.551999965,0.0167999972,3.174999519,0.8159999155,1.4189998225,0.1379999785,0.9119999035,0.0527999905,0.6809999375,0.027099995,2.54499969,0.554999999,1.195999881,0.05770000405,0.795999933,0.0147000025,0.6089999555,0.00530000182
0.125,0.8,0.5,2.219999741,0.7349999495,1.105999889,0.1209999879,0.7589999335,0.04609999475,0.5919999535,0.02369999735,1.7319998105,0.5129999865,0.9599998755,0.0594999959,0.6929999395,0.0174999984,0.551999958,0.008069999185,2.889999597,0.6299999675,1.3379998445,0.0799999938,0.8779999125,0.02509999755,0.664999942,0.01139999886,2.626999635,0.415000026,1.2379998575,0.01080001255,0.82199992,-0.008739993405,0.626999947,-0.0087499957705
0.125,0.8,1,1.8609998025,0.5609999885,0.994999906,0.06849999945,0.706999941,0.0211,0.5619999575,0.009280000265,1.41699982716667,0.4212000012,0.899999859,0.0350999999,0.6829999245,0.00880999979,0.551999946333333,0.00382999984,2.625999649,0.5359999885,1.251999861,0.05149999935,0.8369999205,0.01269999965,0.6409999465,0.00479999989,2.76366628833333,0.302000038,1.307999847,-0.031899983025,0.865333246166666,-0.036409989295,0.656999942,-0.0271999928
0.25,0,0,1.022,0.568,0.632,0.0737,0.491,0.0215,0.415,0.00956,1.022,0.568,0.632,0.0737,0.491,0.0215,0.415,0.00956,1.022,0.568,0.632,0.0737,0.491,0.0215,0.415,0.00956,1.022,0.568,0.632,0.0737,0.491,0.0215,0.415,0.00956
0.25,0,0.0125,1.022,0.568,0.632,0.0737,0.491,0.0215,0.415,0.00956,1.022,0.568,0.632,0.0737,0.491,0.0215,0.415,0.00956,1.022,0.568,0.632,0.0737,0.491,0.0215,0.415,0.00956,1.022,0.568,0.632,0.0737,0.491,0.0215,0.415,0.00956
0.25,0,0.025,1.022,0.568,0.632,0.0737,0.491,0.0215,0.415,0.00956,1.022,0.568,0.632,0.0737,0.491,0.0215,0.415,0.00956,1.022,0.568,0.632,0.0737,0.491,0.0215,0.415,0.00956,1.022,0.568,0.632,0.0737,0.491,0.0215,0.415,0.00956
0.25,0,0.05,1.022,0.568,0.632,0.0737,0.491,0.0215,0.415,0.00956,1.022,0.568,0.632,0.0737,0.491,0.0215,0.415,0.00956,1.022,0.568,0.632,0.0737,0.491,0.0215,0.415,0.00956,1.022,0.568,0.632,0.0737,0.491,0.0215,0.415,0.00956
0.25,0,0.1,1.022,0.568,0.632,0.0737,0.491,0.0215,0.415,0.00956,1.022,0.568,0.632,0.0737,0.491,0.0215,0.415,0.00956,1.022,0.568,0.632,0.0737,0.491,0.0215,0.415,0.00956,1.022,0.568,0.632,0.0737,0.491,0.0215,0.415,0.00956
0.25,0,0.2,1.022,0.568,0.632,0.0737,0.491,0.0215,0.415,0.00956,1.022,0.568,0.632,0.0737,0.491,0.0215,0.415,0.00956,1.022,0.568,0.632,0.0737,0.491,0.0215,0.415,0.00956,1.022,0.568,0.632,0.0737,0.491,0.0215,0.415,0.00956
0.25,0,0.5,1.022,0.568,0.632,0.0737,0.491,0.0215,0.415,0.00956,1.022,0.568,0.632,0.0737,0.491,0.0215,0.415,0.00956,1.022,0.568,0.632,0.0737,0.491,0.0215,0.415,0.00956,1.022,0.568,0.632,0.0737,0.491,0.0215,0.415,0.00956
0.25,0,1,1.022,0.568,0.632,0.0737,0.491,0.0215,0.415,0.00956,1.022,0.568,0.632,0.0737,0.491,0.0215,0.415,0.00956,1.022,0.568,0.632,0.0737,0.491,0.0215,0.415,0.00956,1.022,0.568,0.632,0.0737,0.491,0.0215,0.415,0.00956
0.25,0.1,0,1.027,0.585,0.632,0.0731,0.489,0.0219,0.412,0.00997,1.027,0.585,0.632,0.0731,0.489,0.0219,0.412,0.00997,1.027,0.585,0.632,0.0731,0.489,0.0219,0.412,0.00997,1.027,0.585,0.632,0.0731,0.489,0.0219,0.412,0.00997
0.25,0.1,0.0125,1.026,0.585,0.632,0.073,0.489,0.0219,0.411,0.00995,1.023,0.584,0.632,0.0729,0.489,0.0218,0.411,0.00992,1.028,0.585,0.632,0.0731,0.489,0.0219,0.412,0.00998,1.028,0.585,0.632,0.073,0.489,0.0219,0.412,0.00994
0.25,0.1,0.025,1.025,0.584,0.631,0.0729,0.489,0.0219,0.411,0.00994,1.026,0.584,0.632,0.0729,0.489,0.0218,0.411,0.00993,1.029,0.585,0.633,0.0732,0.489,0.022,0.412,0.00999,1.028,0.585,0.632,0.0731,0.489,0.0219,0.412,0.00997
0.25,0.1,0.05,1.024,0.584,0.631,0.0729,0.488,0.0218,0.411,0.00993,1.025,0.584,0.631,0.0728,0.489,0.0218,0.411,0.0099,1.031,0.586,0.633,0.0732,0.49,0.022,0.412,0.01,1.029,0.585,0.633,0.0731,0.489,0.0219,0.412,0.00998
0.25,0.1,0.1,1.02,0.583,0.629,0.0727,0.488,0.0218,0.411,0.0099,1.022,0.583,0.63,0.0726,0.488,0.0217,0.411,0.00985,1.034,0.586,0.635,0.0734,0.49,0.022,0.412,0.01,1.031,0.585,0.633,0.0732,0.49,0.022,0.412,0.00999
0.25,0.1,0.2,1.013,0.581,0.627,0.0723,0.486,0.0216,0.41,0.00983,1.018,0.582,0.629,0.0722,0.487,0.0215,0.411,0.00975,1.039,0.588,0.637,0.0736,0.491,0.0221,0.413,0.01,1.034,0.586,0.634,0.0733,0.49,0.022,0.412,0.01
0.25,0.1,0.5,0.994,0.576,0.62,0.0713,0.482,0.0213,0.407,0.00968,1.004,0.577,0.624,0.0711,0.485,0.021,0.409,0.00948,1.051,0.59,0.641,0.074,0.494,0.0222,0.415,0.0101,1.041,0.587,0.637,0.0735,0.491,0.0221,0.413,0.01
0.25,0.1,1,0.966,0.567,0.609,0.0696,0.476,0.0207,0.403,0.00941,0.982,0.57,0.617,0.0694,0.482,0.0203,0.407,0.00905,1.062,0.592,0.645,0.0742,0.496,0.0222,0.416,0.0101,1.048,0.588,0.639,0.0737,0.492,0.0221,0.414,0.0101
0.25,0.2,0,1.066,0.608,0.645,0.0811,0.496,0.026,0.416,0.0124,1.066,0.608,0.645,0.0811,0.496,0.026,0.416,0.0124,1.066,0.608,0.645,0.0811,0.496,0.026,0.416,0.0124,1.066,0.608,0.645,0.0811,0.496,0.026,0.416,0.0124
0.25,0.2,0.0125,1.062,0.607,0.644,0.0807,0.495,0.0258,0.415,0.0123,1.061,0.605,0.644,0.0803,0.495,0.0256,0.415,0.0122,1.067,0.608,0.646,0.0811,0.496,0.026,0.416,0.0124,1.064,0.607,0.645,0.0806,0.496,0.0258,0.415,0.0123
0.25,0.2,0.025,1.06,0.606,0.644,0.0806,0.495,0.0258,0.415,0.0123,1.061,0.605,0.644,0.0803,0.495,0.0256,0.415,0.0122,1.069,0.609,0.647,0.0812,0.497,0.0261,0.416,0.0125,1.066,0.607,0.646,0.0809,0.496,0.0259,0.416,0.0124
0.25,0.2,0.05,1.057,0.605,0.642,0.0804,0.494,0.0257,0.415,0.0123,1.057,0.604,0.643,0.0798,0.494,0.0254,0.415,0.0121,1.073,0.61,0.648,0.0814,0.497,0.0261,0.417,0.0125,1.068,0.608,0.646,0.0809,0.496,0.0259,0.416,0.0124
0.25,0.2,0.1,1.05,0.604,0.64,0.0801,0.493,0.0256,0.414,0.0122,1.051,0.601,0.64,0.079,0.493,0.025,0.414,0.0119,1.08,0.611,0.651,0.0816,0.499,0.0262,0.418,0.0125,1.071,0.608,0.647,0.0808,0.497,0.0258,0.416,0.0123
0.25,0.2,0.2,1.036,0.601,0.635,0.0796,0.49,0.0254,0.412,0.0122,1.039,0.596,0.636,0.0775,0.491,0.0243,0.413,0.0114,1.09,0.612,0.655,0.0815,0.501,0.0261,0.419,0.0124,1.076,0.608,0.649,0.0806,0.498,0.0257,0.417,0.0122
0.25,0.2,0.5,1.005,0.593,0.623,0.0784,0.484,0.0252,0.408,0.0121,1.008,0.583,0.626,0.0738,0.486,0.0225,0.41,0.0104,1.11,0.612,0.662,0.0809,0.505,0.0255,0.422,0.012,1.088,0.608,0.653,0.0801,0.499,0.0253,0.418,0.012
0.25,0.2,1,0.965,0.581,0.608,0.0763,0.476,0.0245,0.403,0.0119,0.966,0.565,0.612,0.0691,0.479,0.0204,0.406,0.00916,1.129,0.612,0.67,0.0797,0.509,0.0247,0.424,0.0115,1.101,0.608,0.657,0.0798,0.502,0.0251,0.419,0.0118
0.25,0.4,0,1.234,0.714,0.703,0.116,0.525,0.0431,0.433,0.0226,1.234,0.714,0.703,0.116,0.525,0.0431,0.433,0.0226,1.234,0.714,0.703,0.116,0.525,0.0431,0.433,0.0226,1.234,0.714,0.703,0.116,0.525,0.0431,0.433,0.0226
0.25,0.4,0.0125,1.222,0.708,0.699,0.114,0.522,0.0421,0.431,0.022,1.216,0.702,0.696,0.112,0.521,0.0413,0.431,0.0215,1.242,0.715,0.706,0.116,0.526,0.0433,0.434,0.0227,1.229,0.709,0.701,0.114,0.523,0.0423,0.432,0.0221
0.25,0.4,0.025,1.217,0.706,0.697,0.113,0.521,0.0419,0.431,0.0219,1.212,0.699,0.695,0.111,0.521,0.0407,0.43,0.0212,1.251,0.717,0.709,0.117,0.528,0.0436,0.435,0.0229,1.235,0.71,0.703,0.114,0.525,0.0424,0.433,0.0222
0.25,0.4,0.05,1.208,0.704,0.693,0.113,0.52,0.0418,0.43,0.0218,1.2,0.69,0.691,0.108,0.519,0.0394,0.429,0.0204,1.265,0.72,0.714,0.118,0.53,0.0439,0.436,0.023,1.239,0.708,0.704,0.114,0.525,0.042,0.433,0.0219
0.25,0.4,0.1,1.194,0.702,0.688,0.113,0.517,0.0417,0.428,0.0218,1.176,0.676,0.684,0.104,0.515,0.0371,0.427,0.019,1.285,0.72,0.721,0.117,0.535,0.0437,0.439,0.0229,1.244,0.704,0.706,0.112,0.526,0.0411,0.433,0.0214
0.25,0.4,0.2,1.171,0.697,0.68,0.112,0.513,0.0417,0.425,0.0219,1.139,0.653,0.671,0.0966,0.509,0.0337,0.424,0.017,1.31,0.715,0.731,0.115,0.54,0.0423,0.442,0.022,1.252,0.696,0.708,0.109,0.527,0.0395,0.434,0.0204
0.25,0.4,0.5,1.126,0.681,0.665,0.109,0.505,0.0408,0.421,0.0215,1.062,0.609,0.646,0.0835,0.497,0.0275,0.416,0.0134,1.342,0.693,0.744,0.106,0.548,0.0373,0.448,0.0189,1.271,0.678,0.714,0.102,0.53,0.036,0.436,0.0183
0.25,0.4,1,1.066,0.644,0.644,0.1,0.494,0.0369,0.414,0.0194,0.992,0.572,0.624,0.0735,0.486,0.0229,0.41,0.0108,1.353,0.669,0.75,0.095,0.551,0.0318,0.45,0.0154,1.308,0.667,0.727,0.0979,0.536,0.0338,0.439,0.0169
0.25,0.6,0,1.452,0.9,0.778,0.173,0.563,0.0699,0.457,0.0378,1.452,0.9,0.778,0.173,0.563,0.0699,0.457,0.0378,1.452,0.9,0.778,0.173,0.563,0.0699,0.457,0.0378,1.452,0.9,0.778,0.173,0.563,0.0699,0.457,0.0378
0.25,0.6,0.0125,1.43,0.884,0.769,0.168,0.558,0.0673,0.452,0.0362,1.415,0.868,0.766,0.163,0.558,0.0648,0.453,0.0348,1.486,0.912,0.788,0.177,0.567,0.0717,0.458,0.0389,1.454,0.891,0.777,0.17,0.561,0.0684,0.454,0.0369
0.25,0.6,0.025,1.423,0.881,0.767,0.167,0.557,0.067,0.452,0.0361,1.403,0.853,0.762,0.158,0.556,0.0626,0.453,0.0335,1.514,0.92,0.798,0.179,0.572,0.0731,0.461,0.0397,1.465,0.89,0.781,0.169,0.563,0.0681,0.456,0.0368
0.25,0.6,0.05,1.414,0.88,0.764,0.167,0.555,0.0672,0.451,0.0363,1.376,0.827,0.754,0.15,0.552,0.0587,0.45,0.0313,1.557,0.927,0.813,0.182,0.58,0.0742,0.466,0.0404,1.476,0.88,0.784,0.166,0.565,0.0667,0.457,0.0359
0.25,0.6,0.1,1.406,0.879,0.762,0.168,0.554,0.0677,0.45,0.0367,1.333,0.788,0.74,0.138,0.546,0.0531,0.447,0.0281,1.617,0.924,0.835,0.181,0.591,0.0736,0.473,0.04,1.49,0.86,0.789,0.16,0.568,0.0634,0.458,0.034
0.25,0.6,0.2,1.393,0.87,0.758,0.166,0.553,0.0675,0.45,0.0367,1.274,0.735,0.723,0.122,0.538,0.046,0.442,0.0241,1.681,0.898,0.859,0.171,0.605,0.0686,0.481,0.037,1.51,0.826,0.796,0.148,0.571,0.0578,0.46,0.0307
0.25,0.6,0.5,1.353,0.82,0.748,0.154,0.549,0.0619,0.448,0.0336,1.179,0.654,0.695,0.0994,0.525,0.0355,0.436,0.0182,1.728,0.816,0.88,0.141,0.618,0.0533,0.491,0.0277,1.56,0.758,0.812,0.125,0.579,0.0465,0.465,0.0241
0.25,0.6,1,1.269,0.724,0.723,0.126,0.538,0.0489,0.442,0.0261,1.106,0.59,0.676,0.0815,0.518,0.0272,0.432,0.0134,1.705,0.742,0.877,0.114,0.618,0.0394,0.492,0.0193,1.674,0.717,0.85,0.111,0.598,0.0396,0.476,0.02
0.25,0.8,0,1.5729999395,1.1669998665,0.839999969,0.2439999645,0.6039999795,0.10199998395,0.486999985,0.05489999145,1.5729999395,1.1669998665,0.839999969,0.2439999645,0.6039999795,0.10199998395,0.486999985,0.05489999145,1.5729999395,1.1669998665,0.839999969,0.2439999645,0.6039999795,0.10199998395,0.486999985,0.05489999145,1.5729999395,1.1669998665,0.839999969,0.2439999645,0.6039999795,0.10199998395,0.486999985,0.05489999145
0.25,0.8,0.0125,1.559999935,1.137999873,0.836999966,0.2389999645,0.6029999775,0.09839998445,0.485999983,0.05289999165,1.5339999405,1.093999887,0.827999969,0.224999969,0.5989999795,0.09209998635,0.4839999845,0.04929999275,1.6569999145,1.215999848,0.8669999605,0.262999957,0.616999975,0.10999998085,0.493999982,0.05979998955,1.595999929,1.1559998675,0.846999965,0.243999963,0.606999977,0.1009999837,0.487999983,0.05459999115
0.25,0.8,0.025,1.5699999265,1.138999871,0.840999963,0.2399999635,0.604999976,0.09909998395,0.4869999825,0.0534999913,1.52299994,1.0599998965,0.825999968,0.2149999715,0.597999979,0.0875999875,0.4839999845,0.0468999933,1.7249998945,1.243999838,0.8889999545,0.272999953,0.627999972,0.11499997905,0.4999999805,0.06259998855,1.6239999205,1.151999869,0.8559999625,0.242999963,0.610999976,0.10099998355,0.489999983,0.0545999911
0.25,0.8,0.05,1.5949999095,1.145999867,0.8509999565,0.242999962,0.610999972,0.1009999831,0.49099998,0.0548999907,1.5049999355,1.0059999105,0.8209999665,0.199999975,0.5969999775,0.08079998895,0.4829999835,0.04319999405,1.8339998615,1.2699998285,0.9259999435,0.2809999505,0.645999967,0.1189999776,0.5109999775,0.06529998755,1.6629999065,1.129999875,0.867999958,0.2369999645,0.616999974,0.09819998425,0.4939999815,0.0530999914
0.25,0.8,0.1,1.6429998815,1.1539998625,0.869999946,0.24799996,0.6209999665,0.10399998185,0.497999976,0.05679998995,1.486999923,0.935999926,0.8189999605,0.179999979,0.5969999745,0.0724999903,0.4839999815,0.03879999465,1.9899998135,1.2669998285,0.9799999275,0.2799999505,0.6739999585,0.1189999773,0.5279999725,0.06529998735,1.721999884,1.07999989,0.886999951,0.221999969,0.625999971,0.0915999859,0.4989999795,0.04949999225
0.25,0.8,0.2,1.694999849,1.123999873,0.891999933,0.2409999625,0.634999959,0.10199998275,0.5069999715,0.0558999904,1.4789998975,0.8539999405,0.820999951,0.1589999815,0.599999969,0.0635999912,0.4869999775,0.0342999949,2.156999762,1.1889998545,1.0399999095,0.254999958,0.70499995,0.1069999808,0.5479999665,0.0579999895,1.811999849,0.995999915,0.91599994,0.195999976,0.640999965,0.07969998905,0.507999976,0.0428999939
0.25,0.8,0.5,1.726999813,1.005999907,0.913999917,0.207999973,0.6499999495,0.0870999874,0.517999965,0.047599993,1.4839998475,0.729999962,0.836999929,0.1259999867,0.612999956,0.04939999305,0.497999969,0.0267999957,2.2909997185,0.989999913,1.0949998925,0.1879999765,0.7369999405,0.07359998985,0.568999961,0.03839999465,2.0009997795,0.8369999605,0.977999917,0.1459999895,0.6699999545,0.0558999953,0.52499997,0.0292999974
0.25,0.8,1,1.632999818,0.807999958,0.892999915,0.1489999885,0.6429999475,0.05919999485,0.5169999625,0.0314999973,1.49233314016667,0.607999991,0.863666572833333,0.089499996,0.634666608333333,0.03149999785,0.516333291166667,0.0159999987,2.2719997165,0.833999954,1.09699989,0.1349999895,0.7409999385,0.04769999585,0.5729999595,0.02319999805,2.357999658,0.7319999925,1.0929998785,0.1119999995,0.725999936,0.03910000025,0.5569999595,0.01950000025
0.5,0,0,0.883,0.704,0.569,0.119,0.451,0.0406,0.386,0.0204,0.883,0.704,0.569,0.119,0.451,0.0406,0.386,0.0204,0.883,0.704,0.569,0.119,0.451,0.0406,0.386,0.0204,0.883,0.704,0.569,0.119,0.451,0.0406,0.386,0.0204
0.5,0,0.0125,0.883,0.704,0.569,0.119,0.451,0.0406,0.386,0.0204,0.883,0.704,0.569,0.119,0.451,0.0406,0.386,0.0204,0.883,0.704,0.569,0.119,0.451,0.0406,0.386,0.0204,0.883,0.704,0.569,0.119,0.451,0.0406,0.386,0.0204
0.5,0,0.025,0.883,0.704,0.569,0.119,0.451,0.0406,0.386,0.0204,0.883,0.704,0.569,0.119,0.451,0.0406,0.386,0.0204,0.883,0.704,0.569,0.119,0.451,0.0406,0.386,0.0204,0.883,0.704,0.569,0.119,0.451,0.0406,0.386,0.0204
0.5,0,0.05,0.883,0.704,0.569,0.119,0.451,0.0406,0.386,0.0204,0.883,0.704,0.569,0.119,0.451,0.0406,0.386,0.0204,0.883,0.704,0.569,0.119,0.451,0.0406,0.386,0.0204,0.883,0.704,0.569,0.119,0.451,0.0406,0.386,0.0204
0.5,0,0.1,0.883,0.704,0.569,0.119,0.451,0.0406,0.386,0.0204,0.883,0.704,0.569,0.119,0.451,0.0406,0.386,0.0204,0.883,0.704,0.569,0.119,0.451,0.0406,0.386,0.0204,0.883,0.704,0.569,0.119,0.451,0.0406,0.386,0.0204
0.5,0,0.2,0.883,0.704,0.569,0.119,0.451,0.0406,0.386,0.0204,0.883,0.704,0.569,0.119,0.451,0.0406,0.386,0.0204,0.883,0.704,0.569,0.119,0.451,0.0406,0.386,0.0204,0.883,0.704,0.569,0.119,0.451,0.0406,0.386,0.0204
0.5,0,0.5,0.883,0.704,0.569,0.119,0.451,0.0406,0.386,0.0204,0.883,0.704,0.569,0.119,0.451,0.0406,0.386,0.0204,0.883,0.704,0.569,0.119,0.451,0.0406,0.386,0.0204,0.883,0.704,0.569,0.119,0.451,0.0406,0.386,0.0204
0.5,0,1,0.883,0.704,0.569,0.119,0.451,0.0406,0.386,0.0204,0.883,0.704,0.569,0.119,0.451,0.0406,0.386,0.0204,0.883,0.704,0.569,0.119,0.451,0.0406,0.386,0.0204,0.883,0.704,0.569,0.119,0.451,0.0406,0.386,0.0204
0.5,0.1,0,0.884,0.712,0.567,0.113,0.449,0.0405,0.383,0.0205,0.884,0.712,0.567,0.113,0.449,0.0405,0.383,0.0205,0.884,0.712,0.567,0.113,0.449,0.0405,0.383,0.0205,0.884,0.712,0.567,0.113,0.449,0.0405,0.383,0.0205
0.5,0.1,0.0125,0.883,0.711,0.567,0.113,0.448,0.0404,0.382,0.0205,0.884,0.711,0.567,0.113,0.448,0.0404,0.382,0.0205,0.885,0.712,0.568,0.113,0.449,0.0405,0.383,0.0205,0.884,0.712,0.567,0.113,0.448,0.0405,0.382,0.0205
0.5,0.1,0.025,0.883,0.711,0.567,0.113,0.448,0.0404,0.382,0.0204,0.884,0.711,0.567,0.113,0.448,0.0404,0.382,0.0205,0.885,0.712,0.568,0.113,0.449,0.0406,0.383,0.0206,0.885,0.712,0.567,0.113,0.449,0.0405,0.383,0.0205
0.5,0.1,0.05,0.882,0.71,0.567,0.113,0.448,0.0403,0.382,0.0204,0.883,0.711,0.567,0.113,0.448,0.0404,0.382,0.0205,0.886,0.713,0.568,0.113,0.449,0.0407,0.383,0.0206,0.885,0.712,0.568,0.113,0.449,0.0405,0.383,0.0205
0.5,0.1,0.1,0.879,0.708,0.566,0.112,0.448,0.0401,0.382,0.0203,0.882,0.71,0.567,0.113,0.448,0.0403,0.382,0.0204,0.888,0.715,0.569,0.114,0.449,0.0408,0.383,0.0207,0.886,0.712,0.568,0.113,0.449,0.0406,0.383,0.0205
0.5,0.1,0.2,0.875,0.705,0.564,0.111,0.447,0.0397,0.382,0.0201,0.88,0.709,0.566,0.112,0.448,0.0402,0.382,0.0203,0.892,0.717,0.57,0.114,0.45,0.0411,0.383,0.0208,0.887,0.713,0.568,0.113,0.449,0.0406,0.383,0.0206
0.5,0.1,0.5,0.862,0.696,0.56,0.109,0.444,0.0387,0.38,0.0195,0.874,0.705,0.565,0.111,0.448,0.0398,0.382,0.0201,0.9,0.722,0.573,0.116,0.451,0.0417,0.384,0.0212,0.89,0.715,0.569,0.114,0.449,0.0407,0.383,0.0206
0.5,0.1,1,0.843,0.681,0.552,0.105,0.441,0.0371,0.378,0.0187,0.863,0.697,0.562,0.11,0.447,0.0391,0.382,0.0197,0.908,0.727,0.576,0.117,0.453,0.0422,0.385,0.0215,0.893,0.717,0.57,0.114,0.449,0.0409,0.383,0.0207
0.5,0.2,0,0.898,0.726,0.572,0.118,0.451,0.043,0.384,0.0221,0.898,0.726,0.572,0.118,0.451,0.043,0.384,0.0221,0.898,0.726,0.572,0.118,0.451,0.043,0.384,0.0221,0.898,0.726,0.572,0.118,0.451,0.043,0.384,0.0221
0.5,0.2,0.0125,0.897,0.725,0.572,0.118,0.451,0.0429,0.384,0.022,0.896,0.724,0.572,0.117,0.451,0.0428,0.384,0.0219,0.899,0.727,0.573,0.118,0.451,0.0431,0.384,0.0221,0.898,0.725,0.572,0.118,0.451,0.0429,0.384,0.0219
0.5,0.2,0.025,0.895,0.724,0.571,0.117,0.45,0.0428,0.384,0.0219,0.896,0.724,0.572,0.118,0.451,0.0428,0.384,0.0219,0.901,0.728,0.573,0.118,0.451,0.0432,0.384,0.0222,0.899,0.726,0.572,0.118,0.451,0.043,0.384,0.022
0.5,0.2,0.05,0.893,0.722,0.57,0.117,0.45,0.0426,0.383,0.0218,0.895,0.724,0.571,0.117,0.451,0.0427,0.384,0.0219,0.903,0.729,0.574,0.119,0.452,0.0434,0.385,0.0223,0.9,0.726,0.573,0.118,0.451,0.043,0.384,0.022
0.5,0.2,0.1,0.888,0.719,0.569,0.116,0.449,0.0422,0.383,0.0216,0.893,0.722,0.571,0.117,0.45,0.0425,0.384,0.0217,0.907,0.732,0.576,0.12,0.453,0.0437,0.385,0.0224,0.901,0.727,0.573,0.118,0.451,0.043,0.384,0.022
0.5,0.2,0.2,0.88,0.714,0.566,0.115,0.448,0.0416,0.382,0.0212,0.888,0.718,0.569,0.116,0.45,0.042,0.384,0.0215,0.914,0.736,0.578,0.121,0.454,0.0441,0.386,0.0227,0.903,0.728,0.573,0.118,0.451,0.043,0.384,0.022
0.5,0.2,0.5,0.858,0.698,0.558,0.111,0.444,0.04,0.38,0.0204,0.874,0.708,0.566,0.113,0.449,0.0408,0.383,0.0208,0.93,0.744,0.584,0.123,0.457,0.045,0.388,0.0231,0.908,0.73,0.574,0.118,0.451,0.043,0.384,0.022
0.5,0.2,1,0.831,0.675,0.548,0.105,0.438,0.0377,0.376,0.0192,0.855,0.692,0.561,0.109,0.447,0.0391,0.382,0.0198,0.945,0.752,0.589,0.124,0.46,0.0457,0.39,0.0235,0.914,0.732,0.576,0.119,0.452,0.043,0.384,0.022
0.5,0.4,0,0.962,0.806,0.593,0.144,0.461,0.056,0.39,0.0298,0.962,0.806,0.593,0.144,0.461,0.056,0.39,0.0298,0.962,0.806,0.593,0.144,0.461,0.056,0.39,0.0298,0.962,0.806,0.593,0.144,0.461,0.056,0.39,0.0298
0.5,0.4,0.0125,0.957,0.801,0.591,0.143,0.46,0.0552,0.389,0.0293,0.955,0.798,0.591,0.142,0.46,0.0548,0.389,0.029,0.965,0.808,0.594,0.145,0.462,0.0562,0.39,0.0299,0.959,0.802,0.592,0.143,0.46,0.0553,0.389,0.0293
0.5,0.4,0.025,0.954,0.799,0.59,0.142,0.46,0.055,0.389,0.0291,0.954,0.798,0.591,0.142,0.46,0.0547,0.389,0.029,0.969,0.81,0.596,0.146,0.462,0.0566,0.39,0.0301,0.962,0.804,0.593,0.144,0.461,0.0556,0.389,0.0295
0.5,0.4,0.05,0.948,0.795,0.588,0.141,0.459,0.0545,0.388,0.0289,0.951,0.794,0.59,0.14,0.459,0.0542,0.389,0.0287,0.976,0.815,0.598,0.147,0.464,0.0572,0.391,0.0305,0.964,0.804,0.593,0.144,0.461,0.0556,0.389,0.0295
0.5,0.4,0.1,0.939,0.789,0.585,0.139,0.457,0.0538,0.387,0.0285,0.943,0.785,0.588,0.138,0.459,0.053,0.388,0.028,0.988,0.82,0.602,0.149,0.466,0.058,0.393,0.0309,0.966,0.804,0.594,0.143,0.461,0.0553,0.389,0.0293
0.5,0.4,0.2,0.924,0.778,0.58,0.137,0.455,0.0526,0.386,0.0279,0.93,0.771,0.584,0.134,0.457,0.0511,0.388,0.0269,1.005,0.827,0.609,0.15,0.469,0.0587,0.395,0.0313,0.97,0.802,0.594,0.142,0.461,0.0547,0.389,0.0289
0.5,0.4,0.5,0.895,0.754,0.57,0.131,0.449,0.0504,0.383,0.0268,0.9,0.738,0.576,0.125,0.454,0.047,0.387,0.0245,1.039,0.835,0.621,0.151,0.476,0.0589,0.399,0.0313,0.979,0.798,0.596,0.14,0.461,0.0533,0.389,0.028
0.5,0.4,1,0.863,0.719,0.559,0.123,0.444,0.0473,0.38,0.0252,0.866,0.699,0.567,0.115,0.451,0.0422,0.385,0.0218,1.066,0.835,0.631,0.15,0.481,0.0578,0.402,0.0305,0.993,0.797,0.599,0.138,0.462,0.0525,0.389,0.0275
0.5,0.6,0,1.038,0.947,0.62,0.188,0.476,0.0763,0.399,0.0413,1.038,0.947,0.62,0.188,0.476,0.0763,0.399,0.0413,1.038,0.947,0.62,0.188,0.476,0.0763,0.399,0.0413,1.038,0.947,0.62,0.188,0.476,0.0763,0.399,0.0413
0.5,0.6,0.0125,1.027,0.931,0.615,0.182,0.472,0.0737,0.396,0.0398,1.023,0.925,0.615,0.181,0.473,0.0729,0.398,0.0393,1.045,0.95,0.621,0.188,0.475,0.0766,0.397,0.0414,1.034,0.936,0.617,0.184,0.473,0.0744,0.396,0.0402
0.5,0.6,0.025,1.023,0.927,0.614,0.181,0.471,0.0732,0.395,0.0394,1.022,0.921,0.615,0.179,0.473,0.0723,0.398,0.0389,1.055,0.957,0.625,0.191,0.477,0.0778,0.398,0.0422,1.039,0.939,0.619,0.185,0.473,0.0749,0.397,0.0404
0.5,0.6,0.05,1.017,0.921,0.612,0.179,0.47,0.0724,0.395,0.039,1.016,0.908,0.614,0.176,0.473,0.0706,0.398,0.038,1.072,0.968,0.63,0.194,0.479,0.0795,0.4,0.0432,1.044,0.939,0.62,0.184,0.474,0.0747,0.397,0.0403
0.5,0.6,0.1,1.009,0.912,0.61,0.177,0.469,0.0716,0.394,0.0386,1.005,0.887,0.611,0.17,0.472,0.0679,0.397,0.0365,1.099,0.982,0.64,0.198,0.484,0.0816,0.403,0.0444,1.05,0.935,0.621,0.183,0.474,0.0739,0.397,0.0398
0.5,0.6,0.2,0.999,0.898,0.607,0.174,0.468,0.0705,0.394,0.0381,0.988,0.854,0.607,0.16,0.471,0.0638,0.397,0.0342,1.139,0.992,0.654,0.202,0.492,0.0831,0.408,0.0454,1.06,0.926,0.624,0.18,0.475,0.0722,0.397,0.0389
0.5,0.6,0.5,0.984,0.865,0.604,0.168,0.467,0.0683,0.394,0.0372,0.956,0.79,0.601,0.143,0.47,0.0564,0.398,0.0302,1.209,0.987,0.679,0.198,0.505,0.0813,0.416,0.0442,1.082,0.907,0.628,0.172,0.476,0.0685,0.397,0.0367
0.5,0.6,1,0.964,0.806,0.599,0.154,0.466,0.0627,0.393,0.0344,0.932,0.729,0.599,0.128,0.471,0.05,0.4,0.0268,1.254,0.959,0.696,0.187,0.514,0.0753,0.422,0.0406,1.12,0.901,0.637,0.169,0.479,0.0669,0.397,0.0357
0.5,0.8,0,1.069999984,1.116999915,0.6489999855,0.2309999785,0.497999989,0.09479999075,0.4159999915,0.0506999953,1.069999984,1.116999915,0.6489999855,0.2309999785,0.497999989,0.09479999075,0.4159999915,0.0506999953,1.069999984,1.116999915,0.6489999855,0.2309999785,0.497999989,0.09479999075,0.4159999915,0.0506999953,1.069999984,1.116999915,0.6489999855,0.2309999785,0.497999989,0.09479999075,0.4159999915,0.0506999953
0.5,0.8,0.0125,1.0639999815,1.092999919,0.6479999835,0.225999978,0.4969999875,0.0918999909,0.41599999,0.0489999954,1.0579999825,1.0779999235,0.644999985,0.2219999795,0.4959999885,0.0900999914,0.415999991,0.0480999956,1.086999979,1.133999908,0.6539999835,0.2389999745,0.4999999875,0.09809998925,0.4179999895,0.0525999944,1.0709999815,1.1029999165,0.648999984,0.2289999775,0.496999988,0.09349999045,0.41599999,0.0499999951
0.5,0.8,0.025,1.064999979,1.08699992,0.6489999825,0.224999978,0.4979999865,0.09129999095,0.416999989,0.0487999953,1.0589999815,1.068999926,0.6459999845,0.21899998,0.496999988,0.08899999165,0.415999991,0.0474999957,1.104999975,1.152999902,0.6599999825,0.244999973,0.502999987,0.1009999884,0.4189999895,0.05429999395,1.0799999795,1.110999914,0.650999984,0.2319999765,0.4979999875,0.09459999015,0.4159999905,0.0505999949
0.5,0.8,0.05,1.0699999735,1.0799999205,0.6509999805,0.222999978,0.499999985,0.0909999907,0.4179999885,0.04869999515,1.0589999785,1.0449999315,0.647999983,0.2129999815,0.4979999875,0.0863999921,0.4169999905,0.0461999959,1.135999968,1.1789998945,0.66999998,0.25399997,0.506999986,0.10499998725,0.421999989,0.0569999931,1.091999976,1.1099999145,0.653999983,0.231999976,0.4989999875,0.09479998995,0.41699999,0.05079999475
0.5,0.8,0.1,1.082999963,1.0729999195,0.6569999765,0.222999977,0.502999983,0.0913999901,0.419999987,0.04909999475,1.060999972,1.0079999395,0.6499999805,0.203999983,0.499999986,0.08259999265,0.418999989,0.04419999615,1.1899999545,1.2109998855,0.6869999765,0.263999967,0.515999984,0.1109999853,0.426999988,0.0601999921,1.1109999695,1.102999916,0.658999981,0.2299999765,0.5009999865,0.09399998995,0.41699999,0.05049999465
0.5,0.8,0.2,1.1079999455,1.061999918,0.6679999695,0.2229999755,0.509999979,0.09219998915,0.4249999845,0.04999999405,1.0689999595,0.955999949,0.6559999755,0.1909999845,0.504999983,0.07789999295,0.4219999875,0.04209999605,1.274999932,1.2329998795,0.7149999695,0.271999965,0.529999981,0.11499998405,0.4349999865,0.0627999913,1.141999959,1.08599992,0.665999979,0.2249999775,0.502999986,0.0919999901,0.4179999895,0.0494999947
0.5,0.8,0.5,1.161999911,1.0219999215,0.691999956,0.2169999755,0.5239999715,0.0912999885,0.4349999795,0.05029999345,1.101999927,0.871999959,0.676999962,0.1739999845,0.5189999755,0.0721999921,0.433999982,0.03989999515,1.42899989,1.2059998905,0.7679999555,0.2629999675,0.5559999745,0.11099998515,0.4509999825,0.06089999165,1.207999937,1.0479999295,0.6809999735,0.2129999795,0.5069999845,0.08659999095,0.418999989,0.046699995
0.5,0.8,1,1.1889998875,0.921999942,0.7079999455,0.1929999805,0.533999966,0.0816999905,0.4419999755,0.0453999945,1.165999883,0.810999959,0.714999942,0.159999984,0.544999963,0.06849999075,0.451999974,0.03889999395,1.539999857,1.128999915,0.805999945,0.236999975,0.575999969,0.0982999885,0.4629999795,0.05349999355,1.3089999055,1.042999929,0.7039999665,0.2099999795,0.5139999825,0.0856999906,0.4199999885,0.0462999947
1,0,0,0.657004519909602,0.743999200016,0.465002079958401,0.128999800004,0.385001319973601,4.77998560028799E-02,0.3380009599808,0.02469991400172,0.657004519909602,0.743999200016,0.465002079958401,0.128999800004,0.385001319973601,4.77998560028799E-02,0.3380009599808,0.02469991400172,0.657004519909602,0.743999200016,0.465002079958401,0.128999800004,0.385001319973601,4.77998560028799E-02,0.3380009599808,0.02469991400172,0.657004519909602,0.743999200016,0.465002079958401,0.128999800004,0.385001319973601,4.77998560028799E-02,0.3380009599808,0.02469991400172
1,0,0.0125,0.657004519909602,0.743999200016,0.465002079958401,0.128999800004,0.385001319973601,4.77998560028799E-02,0.3380009599808,0.02469991400172,0.657004519909602,0.743999200016,0.465002079958401,0.128999800004,0.385001319973601,4.77998560028799E-02,0.3380009599808,0.02469991400172,0.657004519909602,0.743999200016,0.465002079958401,0.128999800004,0.385001319973601,4.77998560028799E-02,0.3380009599808,0.02469991400172,0.657004519909602,0.743999200016,0.465002079958401,0.128999800004,0.385001319973601,4.77998560028799E-02,0.3380009599808,0.02469991400172
1,0,0.025,0.657004519909602,0.743999200016,0.465002079958401,0.128999800004,0.385001319973601,4.77998560028799E-02,0.3380009599808,0.02469991400172,0.657004519909602,0.743999200016,0.465002079958401,0.128999800004,0.385001319973601,4.77998560028799E-02,0.3380009599808,0.02469991400172,0.657004519909602,0.743999200016,0.465002079958401,0.128999800004,0.385001319973601,4.77998560028799E-02,0.3380009599808,0.02469991400172,0.657004519909602,0.743999200016,0.465002079958401,0.128999800004,0.385001319973601,4.77998560028799E-02,0.3380009599808,0.02469991400172
1,0,0.05,0.657004519909602,0.743999200016,0.465002079958401,0.128999800004,0.385001319973601,4.77998560028799E-02,0.3380009599808,0.02469991400172,0.657004519909602,0.743999200016,0.465002079958401,0.128999800004,0.385001319973601,4.77998560028799E-02,0.3380009599808,0.02469991400172,0.657004519909602,0.743999200016,0.465002079958401,0.128999800004,0.385001319973601,4.77998560028799E-02,0.3380009599808,0.02469991400172,0.657004519909602,0.743999200016,0.465002079958401,0.128999800004,0.385001319973601,4.77998560028799E-02,0.3380009599808,0.02469991400172
1,0,0.1,0.657004519909602,0.743999200016,0.465002079958401,0.128999800004,0.385001319973601,4.77998560028799E-02,0.3380009599808,0.02469991400172,0.657004519909602,0.743999200016,0.465002079958401,0.128999800004,0.385001319973601,4.77998560028799E-02,0.3380009599808,0.02469991400172,0.657004519909602,0.743999200016,0.465002079958401,0.128999800004,0.385001319973601,4.77998560028799E-02,0.3380009599808,0.02469991400172,0.657004519909602,0.743999200016,0.465002079958401,0.128999800004,0.385001319973601,4.77998560028799E-02,0.3380009599808,0.02469991400172
1,0,0.2,0.657004519909602,0.743999200016,0.465002079958401,0.128999800004,0.385001319973601,4.77998560028799E-02,0.3380009599808,0.02469991400172,0.657004519909602,0.743999200016,0.465002079958401,0.128999800004,0.385001319973601,4.77998560028799E-02,0.3380009599808,0.02469991400172,0.657004519909602,0.743999200016,0.465002079958401,0.128999800004,0.385001319973601,4.77998560028799E-02,0.3380009599808,0.02469991400172,0.657004519909602,0.743999200016,0.465002079958401,0.128999800004,0.385001319973601,4.77998560028799E-02,0.3380009599808,0.02469991400172
1,0,0.5,0.657004519909602,0.743999200016,0.465002079958401,0.128999800004,0.385001319973601,4.77998560028799E-02,0.3380009599808,0.02469991400172,0.657004519909602,0.743999200016,0.465002079958401,0.128999800004,0.385001319973601,4.77998560028799E-02,0.3380009599808,0.02469991400172,0.657004519909602,0.743999200016,0.465002079958401,0.128999800004,0.385001319973601,4.77998560028799E-02,0.3380009599808,0.02469991400172,0.657004519909602,0.743999200016,0.465002079958401,0.128999800004,0.385001319973601,4.77998560028799E-02,0.3380009599808,0.02469991400172
1,0,1,0.657004519909602,0.743999200016,0.465002079958401,0.128999800004,0.385001319973601,4.77998560028799E-02,0.3380009599808,0.02469991400172,0.657004519909602,0.743999200016,0.465002079958401,0.128999800004,0.385001319973601,4.77998560028799E-02,0.3380009599808,0.02469991400172,0.657004519909602,0.743999200016,0.465002079958401,0.128999800004,0.385001319973601,4.77998560028799E-02,0.3380009599808,0.02469991400172,0.657004519909602,0.743999200016,0.465002079958401,0.128999800004,0.385001319973601,4.77998560028799E-02,0.3380009599808,0.02469991400172
1,0.1,0,0.657004539909202,0.7479992800144,0.463002079958401,0.1259997400052,0.382001339973201,4.69998700025999E-02,0.3350009599808,0.02439992200156,0.657004539909202,0.7479992800144,0.463002079958401,0.1259997400052,0.382001339973201,4.69998700025999E-02,0.3350009599808,0.02439992200156,0.657004539909202,0.7479992800144,0.463002079958401,0.1259997400052,0.382001339973201,4.69998700025999E-02,0.3350009599808,0.02439992200156,0.657004539909202,0.7479992800144,0.463002079958401,0.1259997400052,0.382001339973201,4.69998700025999E-02,0.3350009599808,0.02439992200156
1,0.1,0.0125,0.656004539909202,0.7479992600148,0.463002079958401,0.1259997400052,0.382001319973601,4.68998700025999E-02,0.3350009399812,0.02429992400152,0.657004539909202,0.7469992800144,0.463002079958401,0.1259997400052,0.382001319973601,4.68998700025999E-02,0.3350009399812,0.02439992200156,0.657004559908802,0.7479992800144,0.463002099958001,0.1259997400052,0.382001339973201,4.69998700025999E-02,0.3350009599808,0.02439992200156,0.657004539909202,0.746999300014,0.463002079958401,0.1259997400052,0.382001319973601,4.68998720025599E-02,0.3350009399812,0.02439992200156
1,0.1,0.025,0.656004539909202,0.7469992800144,0.463002079958401,0.1259997400052,0.382001319973601,4.67998720025599E-02,0.3350009399812,0.02429992200156,0.657004539909202,0.7469992800144,0.463002079958401,0.1259997400052,0.383001299974001,4.68998700025999E-02,0.3350009399812,0.02439992200156,0.657004559908802,0.7489992600148,0.463002099958001,0.1259997400052,0.382001339973201,0.04699987200256,0.3350009599808,0.02439992400152,0.657004559908802,0.7479992800144,0.463002079958401,0.1259997400052,0.382001339973201,4.68998720025599E-02,0.3350009599808,0.02439992200156
1,0.1,0.05,0.656004519909602,0.7459992800144,0.463002079958401,0.1259997400052,0.382001319973601,4.67998700025999E-02,0.3350009399812,0.02429992200156,0.657004519909602,0.7469992800144,0.463002079958401,0.1259997400052,0.383001299974001,4.69998680026399E-02,0.3350009399812,0.02439992200156,0.657004579908402,0.7499992600148,0.463002099958001,0.1259997400052,0.383001319973601,4.70998720025599E-02,0.3350009599808,0.02449992200156,0.656004579908402,0.7479992800144,0.463002099958001,0.1259997400052,0.382001339973201,4.68998720025599E-02,0.3340009799804,0.02439992200156
1,0.1,0.1,0.655004479910402,0.7449992600148,0.462002079958401,0.1249997400052,0.382001319973601,4.65998700025999E-02,0.3350009399812,0.02419992200156,0.657004499910002,0.7469992600148,0.464002059958801,0.1259997400052,0.383001299974001,4.69998660026799E-02,0.3350009399812,0.0243999200016,0.658004599908002,0.7509992800144,0.464002099958001,0.1269997400052,0.383001319973601,4.72998700025999E-02,0.3350009599808,0.02459992200156,0.656004599908002,0.7479992800144,0.462002119957601,0.1259997400052,0.382001339973201,4.68998740025199E-02,0.3340009799804,0.02429992400152
1,0.1,0.2,0.653004439911202,0.7419992600148,0.462002039959201,0.1239997400052,0.382001299974001,4.61998700025999E-02,0.3340009599808,0.02399992200156,0.658004439911202,0.7459992600148,0.464002039959201,0.1259997200056,0.383001299974001,4.69998640027199E-02,0.3360009199816,0.02439991800164,0.660004639907202,0.7529992800144,0.464002119957601,0.1269997400052,0.383001339973201,0.0475998700026,0.3350009599808,0.02469992200156,0.656004619907602,0.747999300014,0.462002119957601,0.1259997400052,0.382001339973201,4.68998740025199E-02,0.3340009799804,0.02429992600148
1,0.1,0.5,0.648004279914402,0.7319992800144,0.460001999960001,0.1219997400052,0.381001259974801,4.50998720025599E-02,0.3340009199816,0.02339992200156,0.659004299914002,0.7439992200156,0.466001979960401,0.125999700006,0.385001259974801,4.69998560028799E-02,0.337000899982,0.02449991200176,0.663004739905202,0.7589992600148,0.465002159956801,0.1289997400052,0.384001339973201,0.04829986800264,0.3350009799804,0.02509992200156,0.654004719905602,0.7489993200136,0.461002159956801,0.1259997600048,0.381001359972801,4.67998780024399E-02,0.33300099998,0.02419992800144
1,0.1,1,0.640004059918802,0.7169992800144,0.457001899962001,0.1179997400052,0.3790012399752,4.34998720025599E-02,0.333000899982,0.02249992400152,0.661004039919202,0.7399991400172,0.468001879962401,0.1259996800064,0.387001199976001,4.70998400031999E-02,0.3390008599828,0.02459990200196,0.666004839903202,0.7639992600148,0.466002199956001,0.1299997400052,0.384001379972401,4.88998660026799E-02,0.3360009799804,0.0254999200016,0.653004799904002,0.7499993400132,0.460002199956001,0.1259997600048,0.380001379972401,4.66998840023199E-02,0.3320010199796,0.0241999300014
1,0.2,0,0.660004759904802,0.7539994400112,0.464002159956801,0.127999800004,0.383001359972801,0.04789990200196,0.3350009799804,0.02499994200116,0.660004759904802,0.7539994400112,0.464002159956801,0.127999800004,0.383001359972801,0.04789990200196,0.3350009799804,0.02499994200116,0.660004759904802,0.7539994400112,0.464002159956801,0.127999800004,0.383001359972801,0.04789990200196,0.3350009799804,0.02499994200116,0.660004759904802,0.7539994400112,0.464002159956801,0.127999800004,0.383001359972801,0.04789990200196,0.3350009799804,0.02499994200116
1,0.2,0.0125,0.659004759904802,0.7529994400112,0.464002159956801,0.127999800004,0.383001359972801,0.04779990200196,0.3350009799804,0.02489994200116,0.660004719905602,0.7519994400112,0.464002159956801,0.1279997800044,0.383001359972801,0.047799900002,0.3350009799804,0.0248999400012,0.660004779904402,0.7539994600108,0.464002179956401,0.127999800004,0.383001359972801,0.04799990200196,0.3350009799804,0.02499994200116,0.660004759904802,0.7529994400112,0.464002159956801,0.127999800004,0.383001359972801,0.04779990200196,0.3350009799804,0.0248999400012
1,0.2,0.025,0.659004719905602,0.7519994400112,0.464002139957201,0.126999800004,0.383001339973201,0.04769990200196,0.3350009799804,0.02479994200116,0.660004719905602,0.7519994400112,0.464002159956801,0.127999800004,0.383001359972801,0.04789989800204,0.3350009799804,0.0248999400012,0.661004799904002,0.7549994600108,0.464002179956401,0.127999800004,0.383001359972801,0.04809990200196,0.3350009799804,0.02509994200116,0.660004779904402,0.7529994600108,0.464002159956801,0.127999800004,0.383001359972801,0.04789990200196,0.3350009799804,0.02489994200116
1,0.2,0.05,0.658004699906002,0.7499994400112,0.463002139957201,0.126999800004,0.383001339973201,0.04749990200196,0.3350009599808,0.02469994200116,0.661004679906402,0.7519994400112,0.465002119957601,0.1279997800044,0.383001359972801,0.04789989600208,0.3350009799804,0.0248999400012,0.662004819903602,0.7569994400112,0.465002179956401,0.128999800004,0.383001379972401,0.04829990200196,0.33500099998,0.02519994200116,0.659004819903602,0.7529994600108,0.463002199956001,0.127999800004,0.382001379972401,0.04779990400192,0.3350009799804,0.02489994200116
1,0.2,0.1,0.656004639907202,0.7469994400112,0.463002119957601,0.125999800004,0.382001339973201,0.04709990200196,0.3350009599808,0.02449994200116,0.661004639907202,0.7509994200116,0.465002119957601,0.1279997800044,0.384001319973601,0.04789989200216,0.3360009599808,0.02499993400132,0.663004879902402,0.7589994600108,0.465002219955601,0.1289998200036,0.384001379972401,0.04859990200196,0.33500099998,0.0253999400012,0.659004839903202,0.7529994800104,0.463002199956001,0.127999800004,0.382001379972401,0.04779990400192,0.33400099998,0.02489994200116
1,0.2,0.2,0.653004539909202,0.7409994600108,0.462002079958401,0.1239998200036,0.382001319973601,0.04639990400192,0.3340009599808,0.02409994200116,0.662004519909602,0.7499993600128,0.466002059958801,0.1269997800044,0.385001299974001,0.04789988200236,0.3370009399812,0.0249999300014,0.666004959900802,0.7639994400112,0.466002239955201,0.130999800004,0.384001399972001,0.04919989800204,0.33600099998,0.0256999400012,0.657004919901602,0.7539994800104,0.462002219955601,0.127999800004,0.381001399972001,0.04759990800184,0.3330010199796,0.02479994400112
1,0.2,0.5,0.644004279914402,0.7239994800104,0.459001979960401,0.1199998200036,0.380001279974401,0.0444999100018,0.3340009199816,0.02309994600108,0.664004199916002,0.7459992400152,0.469001939961201,0.1269997200056,0.387001239975201,4.77998600027999E-02,0.3390008799824,0.02499991600168,0.673005139897202,0.773999400012,0.469002299954001,0.1339997800044,0.385001439971201,0.0504998900022,0.3360010399792,0.02639993400132,0.654005079898402,0.75499950001,0.459002299954001,0.1269998200036,0.379001439971201,0.04739991200176,0.3320010399792,0.024499950001
1,0.2,1,0.633003959920802,0.6989995200096,0.455001859962801,0.1139998200036,0.378001199976,0.04189991600168,0.3320008799824,0.021699950001,0.667003759924802,0.7379990800184,0.473001759964801,0.1259996600068,0.3910011199776,4.77998260034799E-02,0.342000799984,0.02509989400212,0.679005319893602,0.7849993400132,0.471002359952801,0.1359997600048,0.386001479970401,0.0516998800024,0.3370010599788,0.02709992800144,0.651005259894802,0.7549995400092,0.457002379952401,0.1269998400032,0.377001499970001,0.04709991800164,0.3300010799784,0.02429995400092
1,0.4,0,0.675005739885202,0.7890003399932,0.469002479950401,0.139000099998,0.385001519969601,0.05340005199896,0.336001079978401,0.02820003199936,0.675005739885202,0.7890003399932,0.469002479950401,0.139000099998,0.385001519969601,0.05340005199896,0.336001079978401,0.02820003199936,0.675005739885202,0.7890003399932,0.469002479950401,0.139000099998,0.385001519969601,0.05340005199896,0.336001079978401,0.02820003199936,0.675005739885202,0.7890003399932,0.469002479950401,0.139000099998,0.385001519969601,0.05340005199896,0.336001079978401,0.02820003199936
1,0.4,0.0125,0.674005659886802,0.786000299994,0.468002459950801,0.138000099998,0.385001499970001,0.05300004399912,0.3360010599788,0.02790002799944,0.674005619887602,0.7850002599948,0.468002459950801,0.1380000799984,0.385001499970001,0.05290003799924,0.3360010599788,0.02790002199956,0.676005779884402,0.7910003399932,0.469002499950001,0.140000099998,0.385001539969201,0.05360005199896,0.336001079978401,0.02830003199936,0.674005699886002,0.7860003199936,0.468002479950401,0.138000099998,0.384001519969601,0.05300004599908,0.3350010799784,0.02790002799944
1,0.4,0.025,0.673005619887602,0.7850002799944,0.468002439951201,0.1380000799984,0.384001519969601,0.05280004399912,0.3350010799784,0.02780002599948,0.675005579888402,0.7860002399952,0.469002439951201,0.1380000799984,0.385001499970001,0.05310003199936,0.3360010599788,0.0280000199996,0.678005819883602,0.7930003399932,0.470002519949601,0.1400001199976,0.385001539969201,0.05390005399892,0.336001079978401,0.02850003199936,0.674005759884802,0.7880003199936,0.468002499950001,0.139000099998,0.384001539969201,0.053100049999,0.3350010799784,0.0280000299994
1,0.4,0.05,0.671005539889202,0.7810002799944,0.467002419951601,0.1370000799984,0.384001499970001,0.05240004199916,0.3350010599788,0.02760002599948,0.675005519889602,0.784000199996,0.469002419951601,0.1380000399992,0.386001459970801,0.05300002399952,0.3360010599788,0.02800001399972,0.680005919881602,0.7960003799924,0.470002559948801,0.1410001199976,0.386001559968801,0.05440005599888,0.336001099978,0.02870003599928,0.674005799884002,0.7880003199936,0.467002519949601,0.139000099998,0.384001539969201,0.053100049999,0.3350010799784,0.02790003199936
1,0.4,0.1,0.668005419891602,0.7750002799944,0.466002379952401,0.1350000799984,0.384001459970801,0.05160004399912,0.3350010399792,0.02720002599948,0.676005339893202,0.7820000599988,0.470002359952801,0.138,0.387001439971201,0.05280000399992,0.3370010199796,0.02790000199996,0.684006079878402,0.8020003599928,0.472002599948001,0.1430001199976,0.386001599968001,0.05510005799884,0.3370011199776,0.02920003399932,0.672005879882403,0.7880003199936,0.466002559948801,0.138000099998,0.383001559968801,0.052800049999,0.334001099978,0.0278000299994
1,0.4,0.2,0.662005239895202,0.7640002799944,0.464002319953601,0.132000099998,0.383001439971201,0.05030004599908,0.3350010199796,0.0264000299994,0.677005059898802,0.7769998800024,0.472002239955201,0.1369999400012,0.388001379972401,0.0525999700006,0.3390009799804,0.02779998200036,0.690006299874003,0.8110003199936,0.474002699946001,0.145000099998,0.388001619967601,0.05630004799904,0.3370011599768,0.0298000299994,0.669006019879603,0.787000299994,0.464002599948001,0.137000099998,0.381001599968001,0.05230004799904,0.3320011399772,0.0274000299994
1,0.4,0.5,0.650004899902002,0.7360003599928,0.460002199956001,0.126000099998,0.381001359972801,0.04750005799884,0.33300099998,0.02490003799924,0.681004379912402,0.7649994600108,0.478001959960801,0.134999800004,0.393001219975601,0.05209989800204,0.3430008799824,0.02759993800124,0.704006699866003,0.830000099998,0.479002839943201,0.1500000199996,0.390001719965601,0.05850000799984,0.339001199976,0.03110000399992,0.661006359872803,0.7850002599948,0.458002759944801,0.1360000799984,0.376001699966001,0.05110004399912,0.329001199976,0.02660002799944
1,0.4,1,0.637004519909602,0.7010003599928,0.456002059958801,0.1170001199976,0.379001299974001,0.04410006399872,0.3320009599808,0.0232000399992,0.685003619927602,0.7469990400192,0.485001639967201,0.1329996400072,0.3990010399792,5.15998120037599E-02,0.3480007399852,0.02759988400232,0.717006979860403,0.8469997600048,0.484002939941201,0.154999900002,0.392001779964401,0.060299950001,0.340001239975201,0.03209996800064,0.653006799864003,0.7840002599948,0.452002939941201,0.1340000799984,0.371001819963601,0.05010004799904,0.324001299974001,0.02590003199936
1,0.6,0,0.691006939861203,0.853001879962401,0.475002899942001,0.158000599988,0.389001739965201,6.19002879942401E-02,0.339001199976,3.29001679966401E-02,0.691006939861203,0.853001879962401,0.475002899942001,0.158000599988,0.389001739965201,6.19002879942401E-02,0.339001199976,3.29001679966401E-02,0.691006939861203,0.853001879962401,0.475002899942001,0.158000599988,0.389001739965201,6.19002879942401E-02,0.339001199976,3.29001679966401E-02,0.691006939861203,0.853001879962401,0.475002899942001,0.158000599988,0.389001739965201,6.19002879942401E-02,0.339001199976,3.29001679966401E-02
1,0.6,0.0125,0.687006799864003,0.846001699966001,0.473002839943201,0.1560005199896,0.387001699966001,6.08002579948401E-02,0.336001199976,3.22001519969601E-02,0.688006699866003,0.844001619967601,0.475002799944001,0.1550005199896,0.389001679966401,6.07002439951201E-02,0.339001179976401,3.21001439971201E-02,0.691007079858403,0.856001879962401,0.474002939941201,0.158000599988,0.387001759964801,6.21002899942001E-02,0.337001199976001,3.30001679966401E-02,0.688006919861603,0.847001779964401,0.473002879942401,0.1560005599888,0.386001739965201,6.09002699946001E-02,0.336001199976,3.23001579968401E-02
1,0.6,0.025,0.686006739865203,0.843001679966401,0.472002839943201,0.1550005199896,0.386001699966001,6.04002559948801E-02,0.336001179976401,3.20001479970401E-02,0.690006639867203,0.844001539969201,0.476002779944401,0.1560004599908,0.390001659966801,6.08002299954001E-02,0.339001179976401,3.22001339973201E-02,0.694007219855603,0.860001939961201,0.475002999940001,0.1600006199876,0.388001779964401,6.27003019939601E-02,0.337001219975601,3.33001779964401E-02,0.688007019859603,0.849001799964001,0.472002939941201,0.1570005599888,0.386001739965201,6.11002759944801E-02,0.336001219975601,3.24001599968001E-02
1,0.6,0.05,0.684006659866803,0.838001659966801,0.472002799944001,0.1530005199896,0.386001679966401,5.97002539949201E-02,0.336001179976401,3.16001479970401E-02,0.691006499870003,0.8410013399732,0.477002739945201,0.1550004199916,0.390001659966801,6.05002019959601E-02,0.340001159976801,0.03210011799764,0.699007459850803,0.867002019959601,0.477003059938801,0.1620006399872,0.388001819963601,6.37003159936801E-02,0.337001259974801,3.39001859962801E-02,0.688007119857603,0.849001799964001,0.472002959940801,0.1560005599888,0.385001779964401,6.10002739945201E-02,0.335001239975201,3.23001599968001E-02
1,0.6,0.1,0.681006559868803,0.828001679966401,0.471002779944401,0.1510005199896,0.386001659966801,5.87002579948401E-02,0.3360011599768,3.11001499970001E-02,0.693006239875202,0.8340010599788,0.479002639947201,0.1540003199936,0.392001599968001,6.01001559968801E-02,0.3410011199776,0.03190009199816,0.706007859842803,0.878002079958401,0.479003219935601,0.1650006599868,0.390001879962401,6.53003259934801E-02,0.338001299974,3.48001919961601E-02,0.686007279854403,0.848001739965201,0.470003019939601,0.1550005599888,0.384001799964001,6.04002699946001E-02,0.334001259974801,3.19001579968401E-02
1,0.6,0.2,0.677006439871203,0.813001699966001,0.470002739945201,0.1470005399892,0.386001639967201,5.71002679946401E-02,0.3360011599768,3.03001559968801E-02,0.697005819883602,0.824000599988,0.482002499950001,0.1520001599968,0.395001519969601,0.05950008599828,0.3440010599788,0.031700049999,0.719008399832003,0.893001979960401,0.484003399932001,0.1700006399872,0.392001999960001,6.75003119937601E-02,0.340001359972801,3.61001859962801E-02,0.681007579848403,0.844001639967201,0.466003159936801,0.1540005199896,0.381001879962401,5.94002559948801E-02,0.332001299974001,3.13001519969601E-02
1,0.6,0.5,0.671006259874803,0.779001719965601,0.469002699946001,0.1400005599888,0.385001639967201,5.43002799944001E-02,0.3360011599768,2.89001659966801E-02,0.707004979900402,0.8009997800044,0.492002179956401,0.147999900002,0.403001339973201,0.05869995400092,0.3500009599808,0.03159997200056,0.746009259814804,0.921001319973601,0.493003719925602,0.1770004199916,0.397002159956801,7.10002059958801E-02,0.343001459970801,0.0382001199976,0.670008239835203,0.8360014199716,0.457003419931601,0.1490004599908,0.373002059958801,5.70002299954001E-02,0.325001439971201,2.98001379972401E-02
1,0.6,1,0.666005959880802,0.737001379972401,0.468002619947601,0.1310004599908,0.385001619967601,5.13002279954401E-02,0.3360011399772,2.75001379972401E-02,0.723004179916402,0.7729991200176,0.505001879962401,0.1449996600068,0.4130011599768,5.85998280034399E-02,0.3590008199836,3.20998940021199E-02,0.771009659806804,0.939000399992,0.501003899922002,0.182000099998,0.401002259954801,0.07300004599908,0.345001539969201,0.03930002599948,0.656009279814404,0.832001379972401,0.445003839923202,0.1460004599908,0.364002299954001,5.51002359952801E-02,0.318001579968401,2.85001439971201E-02
1,0.8,0,0.697007456850543,0.927003762923042,0.489003192935851,0.17600109097775,0.400001954460691,6.84005247393202E-02,0.348001355472721,3.57002985939341E-02,0.697007456850543,0.927003762923042,0.489003192935851,0.17600109097775,0.400001954460691,6.84005247393202E-02,0.348001355472721,3.57002985939341E-02,0.697007456850543,0.927003762923042,0.489003192935851,0.17600109097775,0.400001954460691,6.84005247393202E-02,0.348001355472721,3.57002985939341E-02,0.697007456850543,0.927003762923042,0.489003192935851,0.17600109097775,0.400001954460691,6.84005247393202E-02,0.348001355472721,3.57002985939341E-02
1,0.8,0.0125,0.696007355352523,0.917003484428691,0.489003171936231,0.17300105147853,0.401001912961491,6.71004928399612E-02,0.348001353972721,3.49002806442951E-02,0.696007235854933,0.912003285932751,0.488003133437031,0.17200099147976,0.400001914461481,6.67004649905282E-02,0.348001355472711,3.48002646446191E-02,0.700007735344873,0.934003960918942,0.490003271934231,0.17800120997529,0.401001972960291,6.94005703383782E-02,0.348001394471901,3.63003243434011E-02,0.695007516349303,0.919003643925452,0.487003232935021,0.17300111147732,0.399001953460691,6.73005207893932E-02,0.347001374472311,3.51002965939701E-02
1,0.8,0.025,0.696007374852083,0.912003465429091,0.489003191435821,0.17200105147853,0.401001932461081,6.66004908900012E-02,0.349001353472711,3.47002806442931E-02,0.699007195355723,0.913003085436811,0.490003112937431,0.17200093198096,0.402001893961881,6.70004368910952E-02,0.349001334973121,3.50002485949421E-02,0.703008035338793,0.942004178914462,0.491003371932211,0.18100126947407,0.401002033459071,7.06006040376872E-02,0.349001393971911,3.70003441429961E-02,0.696007675846073,0.924003702424232,0.487003272434231,0.17500113097691,0.399001973460281,6.79005305891912E-02,0.34700137447232,3.54003024938481E-02
1,0.8,0.05,0.698007432850813,0.905003466429081,0.490003210935391,0.17000105147853,0.402001951960661,6.60004968398772E-02,0.349001373472301,3.44002845942111E-02,0.703007113857293,0.907002726944091,0.493003091937821,0.17100083198299,0.403001893461881,6.68003888420652E-02,0.35000133497311,3.49002245954261E-02,0.710008514329073,0.955004435909172,0.493003531928961,0.185001368472031,0.402002092957861,7.26006435368743E-02,0.349001453970701,3.81003758923442E-02,0.696007915841203,0.924003682424641,0.486003352932601,0.17500113047691,0.398002013459481,6.79005345391082E-02,0.346001414471511,3.54003064437661E-02
1,0.8,0.1,0.701007629846663,0.895003526427861,0.492003289433741,0.16800109147771,0.403001991459831,6.52005207393872E-02,0.350001392971881,3.40003005438841E-02,0.712006970360033,0.897002188455021,0.498003030439001,0.17000067198622,0.407001852462671,6.64003208434361E-02,0.3530013139735,3.49001844962331E-02,0.722009351812054,0.975004671404282,0.496003811423302,0.191001446970401,0.404002232955021,7.57007007856903E-02,0.350001533969081,4.00004013918142E-02,0.694008335832673,0.922003582926662,0.483003513429351,0.17400111047732,0.396002093957851,6.74005284892292E-02,0.344001454970701,3.51003063937651E-02
1,0.8,0.2,0.709007963839633,0.878003647425411,0.496003426930851,0.16500115097649,0.405002090457771,6.43005543886952E-02,0.352001451970651,3.38003222434361E-02,0.727006824862693,0.881001471469551,0.507002967440161,0.16800045199065,0.413001830963041,6.62002306452461E-02,0.358001272974291,3.51001382971551E-02,0.743010627786084,1.00100458590587,0.502004250914372,0.199001445470391,0.406002472950161,7.99006957857653E-02,0.351001674466241,4.25004027917702E-02,0.690009035318474,0.917003343431531,0.478003753924502,0.17200105097853,0.391002234955021,6.63005105395912E-02,0.340001555968671,3.45002983939261E-02
1,0.8,0.5,0.730008610326014,0.846003486428701,0.505003721924682,0.16000112997691,0.411002246954491,6.36005493387832E-02,0.356001569968191,3.39003254933591E-02,0.769006628865963,0.85100039499128,0.530002920940821,0.16600015099667,0.430001766464181,0.06750008959805,0.37100124947465,0.036800059398715,0.792012716743465,1.04200321943342,0.517005007898952,0.2120010024793,0.413002851942451,8.64004842900172E-02,0.355001913961371,4.65002838441561E-02,0.676010636786004,0.904002845941671,0.463004356912332,0.16600093148096,0.378002577448141,6.33004628405622E-02,0.330001777464231,3.28002764943701E-02
1,0.8,1,0.752008696823814,0.802002367451491,0.516003815922591,0.15400076848424,0.417002323952841,6.23003824921602E-02,0.360001627966951,3.39002267953541E-02,0.831006645864743,0.82399971450489,0.565002969939441,0.16799982850311,0.453001819962861,0.071599931501185,0.388001265474171,0.040499963800603,0.843013903719066,1.06200127847273,0.533005443890022,0.21800036199226,0.420003110437171,8.95001677464151E-02,0.359002072958131,0.048500095397963,0.655013080236505,0.898002866941241,0.443005220894912,0.16200095198055,0.362003040938831,6.12004869400732E-02,0.315002101457741,3.14002965439631E-02
